mc	mn	quarterbeats	duration_qb	mc_onset	mn_onset	timesig	staff	voice	duration	gracenote	nominal_duration	scalar	tied	tpc	midi	name	octave	chord_id
1	1	5/4	0.25	5/16	5/16	4/4	1	1	1/16		1/16	1		3	57	A3	3	0
1	1	3/2	0.25	3/8	3/8	4/4	1	1	1/16		1/16	1		-2	58	Bb3	3	1
1	1	7/4	0.25	7/16	7/16	4/4	1	1	1/16		1/16	1		0	60	C4	4	2
1	1	2	0.0	1/2	1/2	4/4	1	1	0	appoggiatura	1/8	1		0	60	C4	4	3
1	1	2	1.5	1/2	1/2	4/4	2	1	3/8		1/4	3/2		-2	46	Bb2	2	10
1	1	2	0.5	1/2	1/2	4/4	1	1	1/8		1/8	1		2	62	D4	4	4
1	1	5/2	0.25	5/8	5/8	4/4	1	1	1/16		1/16	1		-3	63	Eb4	4	5
1	1	11/4	0.25	11/16	11/16	4/4	1	1	1/16		1/16	1		2	62	D4	4	6
1	1	3	0.0	3/4	3/4	4/4	1	1	0	appoggiatura	1/8	1		2	62	D4	4	7
1	1	3	0.75	3/4	3/4	4/4	1	1	3/16		1/8	3/2		-3	63	Eb4	4	8
1	1	7/2	0.375	7/8	7/8	4/4	2	1	3/32		1/16	3/2		-2	58	Bb3	3	11
1	1	15/4	0.25	15/16	15/16	4/4	1	1	1/16		1/16	1		-1	65	F4	4	9
1	1	31/8	0.125	31/32	31/32	4/4	2	1	1/32		1/32	1		-2	58	Bb3	3	12
2	2	4	0.0	0	0	4/4	1	1	0	appoggiatura	1/8	1		2	62	D4	4	13
2	2	4	1.0	0	0	4/4	2	1	1/4		1/4	1		3	57	A3	3	30
2	2	4	0.75	0	0	4/4	1	1	3/16		1/8	3/2		0	60	C4	4	14
2	2	19/4	0.25	3/16	3/16	4/4	1	1	1/16		1/16	1		0	60	C4	4	15
2	2	5	0.75	1/4	1/4	4/4	1	1	3/16		1/8	3/2		-1	65	F4	4	16
2	2	11/2	0.5	3/8	3/8	4/4	2	1	1/8		1/8	1		3	45	A2	2	31
2	2	23/4	0.05	7/16	7/16	4/4	1	1	1/80		1/64	4/5		-3	63	Eb4	4	17
2	2	29/5	0.05	9/20	9/20	4/4	1	1	1/80		1/64	4/5		2	62	D4	4	18
2	2	117/20	0.05	37/80	37/80	4/4	1	1	1/80		1/64	4/5		0	60	C4	4	19
2	2	59/10	0.05	19/40	19/40	4/4	1	1	1/80		1/64	4/5		-2	58	Bb3	3	20
2	2	119/20	0.05	39/80	39/80	4/4	1	1	1/80		1/64	4/5		3	57	A3	3	21
2	2	6	0.0	1/2	1/2	4/4	1	1	0	appoggiatura	1/8	1		3	57	A3	3	22
2	2	6	0.0	1/2	1/2	4/4	2	1	0	appoggiatura	1/8	1		3	45	A2	2	32
2	2	6	1.0	1/2	1/2	4/4	2	1	1/4		1/4	1		1	43	G2	2	33
2	2	6	0.75	1/2	1/2	4/4	1	1	3/16		1/8	3/2		-2	58	Bb3	3	23
2	2	27/4	0.08333333333333333	11/16	11/16	4/4	1	1	1/48		1/32	2/3		-2	58	Bb3	3	24
2	2	41/6	0.08333333333333333	17/24	17/24	4/4	1	1	1/48		1/32	2/3		0	60	C4	4	25
2	2	83/12	0.08333333333333333	35/48	35/48	4/4	1	1	1/48		1/32	2/3		2	62	D4	4	26
2	2	7	0.0	3/4	3/4	4/4	1	1	0	appoggiatura	1/8	1		2	62	D4	4	27
2	2	7	0.75	3/4	3/4	4/4	1	1	3/16		1/8	3/2		0	60	C4	4	28
2	2	29/4	0.25	13/16	13/16	4/4	2	1	1/16		1/16	1		-1	53	F3	3	34
2	2	15/2	0.5	7/8	7/8	4/4	2	1	1/8		1/8	1		4	52	E3	3	35
2	2	31/4	0.25	15/16	15/16	4/4	1	1	1/16		1/16	1		2	62	D4	4	29
3	3	8	2.0	0	0	4/4	2	2	1/2		1/2	1		-1	41	F2	2	57
3	3	8	0.5	0	0	4/4	1	1	1/8		1/8	1		3	57	A3	3	36
3	3	17/2	0.0	1/8	1/8	4/4	1	1	0	appoggiatura	1/8	1		1	55	G3	3	37
3	3	17/2	0.5	1/8	1/8	4/4	1	1	1/8		1/8	1		-1	53	F3	3	38
3	3	9	1.0	1/4	1/4	4/4	2	1	1/4		1/4	1		-1	53	F3	3	52
3	3	75/8	0.125	11/32	11/32	4/4	1	1	1/32		1/32	1		1	55	G3	3	39
3	3	19/2	0.125	3/8	3/8	4/4	1	1	1/32		1/32	1		3	57	A3	3	40
3	3	77/8	0.125	13/32	13/32	4/4	1	1	1/32		1/32	1		-2	58	Bb3	3	41
3	3	39/4	0.125	7/16	7/16	4/4	1	1	1/32		1/32	1		0	60	C4	4	42
3	3	79/8	0.125	15/32	15/32	4/4	1	1	1/32		1/32	1		2	62	D4	4	43
3	3	10	0.0	1/2	1/2	4/4	1	1	0	appoggiatura	1/8	1		2	62	D4	4	44
3	3	10	0.5	1/2	1/2	4/4	2	1	1/8		1/8	1		1	55	G3	3	53
3	3	10	1.0	1/2	1/2	4/4	2	2	1/4		1/4	1		1	55	G3	3	58
3	3	10	0.75	1/2	1/2	4/4	1	1	3/16		1/8	3/2		-3	63	Eb4	4	45
3	3	21/2	0.5	5/8	5/8	4/4	2	1	1/8		1/8	1		-2	58	Bb3	3	54
3	3	43/4	0.08333333333333333	11/16	11/16	4/4	1	1	1/48		1/32	2/3		-3	63	Eb4	4	46
3	3	65/6	0.08333333333333333	17/24	17/24	4/4	1	1	1/48		1/32	2/3		-1	65	F4	4	47
3	3	131/12	0.08333333333333333	35/48	35/48	4/4	1	1	1/48		1/32	2/3		1	67	G4	4	48
3	3	11	0.0	3/4	3/4	4/4	1	1	0	appoggiatura	1/8	1		1	67	G4	4	49
3	3	11	0.5	3/4	3/4	4/4	2	1	1/8		1/8	1		3	57	A3	3	55
3	3	11	1.0	3/4	3/4	4/4	2	2	1/4		1/4	1		3	57	A3	3	59
3	3	11	0.75	3/4	3/4	4/4	1	1	3/16		1/8	3/2		-1	65	F4	4	50
3	3	23/2	0.5	7/8	7/8	4/4	2	1	1/8		1/8	1		0	60	C4	4	56
3	3	47/4	0.25	15/16	15/16	4/4	1	1	1/16		1/16	1		1	67	G4	4	51
4	4	12	0.5	0	0	4/4	2	1	1/8		1/8	1		-2	58	Bb3	3	78
4	4	12	0.5	0	0	4/4	1	1	1/8		1/8	1		2	62	D4	4	60
4	4	25/2	0.0	1/8	1/8	4/4	1	1	0	appoggiatura	1/8	1		0	60	C4	4	61
4	4	25/2	0.5	1/8	1/8	4/4	1	1	1/8		1/8	1		-2	58	Bb3	3	62
4	4	101/8	0.125	5/32	5/32	4/4	2	1	1/32		1/32	1		0	48	C3	3	79
4	4	51/4	0.125	3/16	3/16	4/4	2	1	1/32		1/32	1		-2	46	Bb2	2	80
4	4	103/8	0.125	7/32	7/32	4/4	2	1	1/32		1/32	1		3	45	A2	2	81
4	4	13	1.0	1/4	1/4	4/4	2	2	1/4		1/4	1		1	43	G2	2	88
4	4	13	0.75	1/4	1/4	4/4	1	1	3/16		1/8	3/2		-2	70	Bb4	4	63
4	4	27/2	0.5	3/8	3/8	4/4	2	1	1/8		1/8	1		1	55	G3	3	82
4	4	55/4	0.05	7/16	7/16	4/4	1	1	1/80		1/64	4/5		3	69	A4	4	64
4	4	69/5	0.05	9/20	9/20	4/4	1	1	1/80		1/64	4/5		1	67	G4	4	65
4	4	277/20	0.05	37/80	37/80	4/4	1	1	1/80		1/64	4/5		-1	65	F4	4	66
4	4	139/10	0.05	19/40	19/40	4/4	1	1	1/80		1/64	4/5		4	64	E4	4	67
4	4	279/20	0.05	39/80	39/80	4/4	1	1	1/80		1/64	4/5		2	62	D4	4	68
4	4	14	0.5	1/2	1/2	4/4	2	1	1/8		1/8	1		0	60	C4	4	83
4	4	14	0.5	1/2	1/2	4/4	1	1	1/8		1/8	1		4	64	E4	4	69
4	4	29/2	0.0	5/8	5/8	4/4	1	1	0	appoggiatura	1/8	1		2	62	D4	4	70
4	4	29/2	0.5	5/8	5/8	4/4	1	1	1/8		1/8	1		0	60	C4	4	71
4	4	117/8	0.125	21/32	21/32	4/4	2	1	1/32		1/32	1		2	50	D3	3	84
4	4	59/4	0.125	11/16	11/16	4/4	2	1	1/32		1/32	1		0	48	C3	3	85
4	4	119/8	0.125	23/32	23/32	4/4	2	1	1/32		1/32	1		-2	46	Bb2	2	86
4	4	15	1.0	3/4	3/4	4/4	2	2	1/4		1/4	1		3	45	A2	2	89
4	4	15	0.75	3/4	3/4	4/4	1	1	3/16		1/8	3/2		0	72	C5	5	72
4	4	31/2	0.5	7/8	7/8	4/4	2	1	1/8		1/8	1		3	57	A3	3	87
4	4	63/4	0.05	15/16	15/16	4/4	1	1	1/80		1/64	4/5		-2	70	Bb4	4	73
4	4	79/5	0.05	19/20	19/20	4/4	1	1	1/80		1/64	4/5		3	69	A4	4	74
4	4	317/20	0.05	77/80	77/80	4/4	1	1	1/80		1/64	4/5		1	67	G4	4	75
4	4	159/10	0.05	39/40	39/40	4/4	1	1	1/80		1/64	4/5		-1	65	F4	4	76
4	4	319/20	0.05	79/80	79/80	4/4	1	1	1/80		1/64	4/5		4	64	E4	4	77
5	5	16	0.0	0	0	4/4	1	1	0	appoggiatura	1/8	1		4	64	E4	4	90
5	5	16	0.5	0	0	4/4	2	1	1/8		1/8	1		2	62	D4	4	111
5	5	16	0.5	0	0	4/4	1	1	1/8		1/8	1		-1	65	F4	4	91
5	5	33/2	0.0	1/8	1/8	4/4	1	1	0	appoggiatura	1/8	1		4	64	E4	4	92
5	5	33/2	0.5	1/8	1/8	4/4	1	1	1/8		1/8	1		2	62	D4	4	93
5	5	133/8	0.125	5/32	5/32	4/4	2	2	1/32		1/32	1		-3	51	Eb3	3	115
5	5	67/4	0.125	3/16	3/16	4/4	2	2	1/32		1/32	1		2	50	D3	3	116
5	5	135/8	0.125	7/32	7/32	4/4	2	2	1/32		1/32	1		0	48	C3	3	117
5	5	17	1.0	1/4	1/4	4/4	2	2	1/4		1/4	1	1	-2	46	Bb2	2	118
5	5	17	0.75	1/4	1/4	4/4	1	1	3/16		1/8	3/2		2	74	D5	5	94
5	5	35/2	0.5	3/8	3/8	4/4	2	1	1/8		1/8	1		-2	58	Bb3	3	112
5	5	71/4	0.05	7/16	7/16	4/4	1	1	1/80		1/64	4/5		0	72	C5	5	95
5	5	89/5	0.05	9/20	9/20	4/4	1	1	1/80		1/64	4/5		-2	70	Bb4	4	96
5	5	357/20	0.05	37/80	37/80	4/4	1	1	1/80		1/64	4/5		3	69	A4	4	97
5	5	179/10	0.05	19/40	19/40	4/4	1	1	1/80		1/64	4/5		1	67	G4	4	98
5	5	359/20	0.05	39/80	39/80	4/4	1	1	1/80		1/64	4/5		-1	65	F4	4	99
5	5	18	0.5	1/2	1/2	4/4	2	2	1/8		1/8	1	-1	-2	46	Bb2	2	119
5	5	18	0.25	1/2	1/2	4/4	1	1	1/16		1/16	1		4	64	E4	4	100
5	5	73/4	0.25	9/16	9/16	4/4	1	1	1/16		1/16	1		0	60	C4	4	101
5	5	73/4	0.25	9/16	9/16	4/4	1	2	1/16		1/16	1	1	0	60	C4	4	106
5	5	37/2	0.25	5/8	5/8	4/4	2	2	1/16		1/16	1		3	45	A2	2	120
5	5	37/2	0.375	5/8	5/8	4/4	1	2	3/32		1/16	3/2	-1	0	60	C4	4	107
5	5	37/2	0.5	5/8	5/8	4/4	1	1	1/8		1/8	1		-1	65	F4	4	102
5	5	75/4	0.25	11/16	11/16	4/4	2	2	1/16		1/16	1		-2	46	Bb2	2	121
5	5	151/8	0.125	23/32	23/32	4/4	1	2	1/32		1/32	1		2	62	D4	4	108
5	5	19	0.0	3/4	3/4	4/4	2	1	0	appoggiatura	1/8	1		-2	46	Bb2	2	113
5	5	19	0.5	3/4	3/4	4/4	2	2	1/8		1/8	1		0	48	C3	3	122
5	5	19	1.0	3/4	3/4	4/4	2	1	1/4		1/4	1		0	48	C3	3	114
5	5	19	0.5	3/4	3/4	4/4	1	1	1/8		1/8	1		-1	65	F4	4	103
5	5	39/2	0.5	7/8	7/8	4/4	2	2	1/8		1/8	1		0	36	C2	2	123
5	5	39/2	0.375	7/8	7/8	4/4	1	2	3/32		1/16	3/2		3	57	A3	3	109
5	5	39/2	0.375	7/8	7/8	4/4	1	1	3/32		1/16	3/2		-1	65	F4	4	104
5	5	159/8	0.125	31/32	31/32	4/4	1	2	1/32		1/32	1	1	-2	58	Bb3	3	110
5	5	159/8	0.125	31/32	31/32	4/4	1	1	1/32		1/32	1		4	64	E4	4	105
6	6	20	0.0	0	0	4/4	1	1	0	appoggiatura	1/8	1		4	64	E4	4	124
6	6	20	2.0	0	0	4/4	2	2	1/2		1/2	1		-1	41	F2	2	151
6	6	20	0.25	0	0	4/4	1	2	1/16		1/16	1	-1	-2	58	Bb3	3	136
6	6	20	1.0	0	0	4/4	1	1	1/4		1/4	1	1	-1	65	F4	4	125
6	6	81/4	0.25	1/16	1/16	4/4	1	2	1/16		1/16	1		-2	58	Bb3	3	137
6	6	41/2	0.25	1/8	1/8	4/4	1	3	1/16		1/16	1		3	57	A3	3	144
6	6	41/2	0.5	1/8	1/8	4/4	1	2	1/8		1/8	1	1	3	57	A3	3	138
6	6	83/4	0.25	3/16	3/16	4/4	1	3	1/16		1/16	1	1	0	60	C4	4	145
6	6	21	2.0	1/4	1/4	4/4	2	1	1/2		1/2	1		-1	53	F3	3	149
6	6	21	0.25	1/4	1/4	4/4	1	2	1/16		1/16	1	-1	3	57	A3	3	139
6	6	21	0.25	1/4	1/4	4/4	1	2	1/16		1/16	1		0	60	C4	4	139
6	6	21	1.0	1/4	1/4	4/4	1	3	1/4		1/4	1	-1	0	60	C4	4	146
6	6	21	0.25	1/4	1/4	4/4	1	1	1/16		1/16	1	-1	-1	65	F4	4	126
6	6	85/4	0.25	5/16	5/16	4/4	1	1	1/16		1/16	1		3	69	A4	4	127
6	6	43/2	0.25	3/8	3/8	4/4	1	1	1/16		1/16	1		-2	70	Bb4	4	128
6	6	87/4	0.25	7/16	7/16	4/4	1	1	1/16		1/16	1	1	0	72	C5	5	129
6	6	22	2.0	1/2	1/2	4/4	2	2	1/2		1/2	1		-1	41	F2	2	152
6	6	22	0.25	1/2	1/2	4/4	1	1	1/16		1/16	1	-1	0	72	C5	5	130
6	6	89/4	0.25	9/16	9/16	4/4	1	2	1/16		1/16	1		0	72	C5	5	140
6	6	89/4	0.75	9/16	9/16	4/4	1	1	3/16		1/8	3/2	1	0	72	C5	5	131
6	6	45/2	0.25	5/8	5/8	4/4	1	2	1/16		1/16	1		3	69	A4	4	141
6	6	45/2	0.5	5/8	5/8	4/4	1	3	1/8		1/8	1	1	3	69	A4	4	147
6	6	91/4	0.25	11/16	11/16	4/4	1	2	1/16		1/16	1	1	-3	63	Eb4	4	142
6	6	23	1.0	3/4	3/4	4/4	2	1	1/4		1/4	1	1	-1	53	F3	3	150
6	6	23	0.25	3/4	3/4	4/4	1	2	1/16		1/16	1	-1	-3	63	Eb4	4	143
6	6	23	0.25	3/4	3/4	4/4	1	2	1/16		1/16	1		3	69	A4	4	143
6	6	23	1.0	3/4	3/4	4/4	1	3	1/4		1/4	1	-1	3	69	A4	4	148
6	6	23	0.25	3/4	3/4	4/4	1	1	1/16		1/16	1	-1	0	72	C5	5	132
6	6	93/4	0.25	13/16	13/16	4/4	1	1	1/16		1/16	1		3	69	A4	4	133
6	6	47/2	0.25	7/8	7/8	4/4	1	1	1/16		1/16	1		-2	70	Bb4	4	134
6	6	95/4	0.25	15/16	15/16	4/4	1	1	1/16		1/16	1	1	0	72	C5	5	135
7	7	24	1.0	0	0	4/4	2	2	1/4		1/4	1	1	-1	41	F2	2	175
7	7	24	1.0	0	0	4/4	2	1	1/4		1/4	1	-1	-1	53	F3	3	172
7	7	24	0.25	0	0	4/4	1	1	1/16		1/16	1	-1	0	72	C5	5	153
7	7	97/4	0.25	1/16	1/16	4/4	1	2	1/16		1/16	1		0	72	C5	5	167
7	7	97/4	0.75	1/16	1/16	4/4	1	1	3/16		1/8	3/2	1	0	72	C5	5	154
7	7	49/2	0.25	1/8	1/8	4/4	1	2	1/16		1/16	1		-1	65	F4	4	168
7	7	49/2	0.5	1/8	1/8	4/4	1	3	1/8		1/8	1	1	-1	65	F4	4	171
7	7	99/4	0.25	3/16	3/16	4/4	1	2	1/16		1/16	1	1	2	62	D4	4	169
7	7	25	0.5	1/4	1/4	4/4	2	2	1/8		1/8	1	-1	-1	41	F2	2	176
7	7	25	0.5	1/4	1/4	4/4	2	1	1/8		1/8	1		-1	53	F3	3	173
7	7	25	0.25	1/4	1/4	4/4	1	2	1/16		1/16	1	-1	2	62	D4	4	170
7	7	25	0.25	1/4	1/4	4/4	1	2	1/16		1/16	1	-1	-1	65	F4	4	170
7	7	25	0.25	1/4	1/4	4/4	1	1	1/16		1/16	1	-1	0	72	C5	5	155
7	7	101/4	0.25	5/16	5/16	4/4	1	1	1/16		1/16	1		-1	65	F4	4	156
7	7	51/2	0.5	3/8	3/8	4/4	2	2	1/8		1/8	1		2	50	D3	3	177
7	7	51/2	0.25	3/8	3/8	4/4	1	1	1/16		1/16	1		-2	70	Bb4	4	157
7	7	103/4	0.25	7/16	7/16	4/4	1	1	1/16		1/16	1		3	69	A4	4	158
7	7	26	0.5	1/2	1/2	4/4	2	2	1/8		1/8	1		-3	51	Eb3	3	178
7	7	26	0.25	1/2	1/2	4/4	1	1	1/16		1/16	1		1	67	G4	4	159
7	7	105/4	0.25	9/16	9/16	4/4	1	1	1/16		1/16	1		-1	65	F4	4	160
7	7	53/2	0.5	5/8	5/8	4/4	2	2	1/8		1/8	1		-2	46	Bb2	2	179
7	7	53/2	0.25	5/8	5/8	4/4	1	1	1/16		1/16	1		-3	63	Eb4	4	161
7	7	107/4	0.25	11/16	11/16	4/4	1	1	1/16		1/16	1		2	62	D4	4	162
7	7	27	0.0	3/4	3/4	4/4	1	1	0	appoggiatura	1/8	1		2	62	D4	4	163
7	7	27	0.5	3/4	3/4	4/4	2	2	1/8		1/8	1		-1	53	F3	3	180
7	7	27	1.0	3/4	3/4	4/4	2	1	1/4		1/4	1		-1	53	F3	3	174
7	7	27	0.5	3/4	3/4	4/4	1	1	1/8		1/8	1		0	60	C4	4	164
7	7	55/2	0.5	7/8	7/8	4/4	2	2	1/8		1/8	1		-1	41	F2	2	181
7	7	55/2	0.25	7/8	7/8	4/4	1	1	1/16		1/16	1		-2	58	Bb3	3	165
7	7	111/4	0.25	15/16	15/16	4/4	1	1	1/16		1/16	1		0	60	C4	4	166
8	8	28	0.0	0	0	4/4	1	1	0	appoggiatura	1/8	1		0	60	C4	4	182
8	8	28	2.0	0	0	4/4	2	2	1/2		1/2	1		-2	46	Bb2	2	201
8	8	28	0.5	0	0	4/4	1	1	1/8		1/8	1		2	62	D4	4	183
8	8	57/2	0.0	1/8	1/8	4/4	1	1	0	appoggiatura	1/8	1		0	60	C4	4	184
8	8	57/2	0.5	1/8	1/8	4/4	1	1	1/8		1/8	1		-2	58	Bb3	3	185
8	8	29	2.0	1/4	1/4	4/4	2	1	1/2		1/2	1		-2	58	Bb3	3	199
8	8	117/4	0.25	5/16	5/16	4/4	1	1	1/16		1/16	1		2	74	D5	5	186
8	8	59/2	0.25	3/8	3/8	4/4	1	1	1/16		1/16	1		-3	75	Eb5	5	187
8	8	119/4	0.25	7/16	7/16	4/4	1	1	1/16		1/16	1	1	-1	77	F5	5	188
8	8	30	2.0	1/2	1/2	4/4	2	2	1/2		1/2	1		-2	46	Bb2	2	202
8	8	30	0.25	1/2	1/2	4/4	1	1	1/16		1/16	1	-1	-1	77	F5	5	189
8	8	121/4	0.25	9/16	9/16	4/4	1	2	1/16		1/16	1		-1	77	F5	5	195
8	8	121/4	0.75	9/16	9/16	4/4	1	1	3/16		1/8	3/2	1	-1	77	F5	5	190
8	8	61/2	0.25	5/8	5/8	4/4	1	2	1/16		1/16	1		2	74	D5	5	196
8	8	61/2	0.5	5/8	5/8	4/4	1	3	1/8		1/8	1	1	2	74	D5	5	198
8	8	123/4	0.25	11/16	11/16	4/4	1	2	1/16		1/16	1	1	-4	68	Ab4	4	197
8	8	31	1.0	3/4	3/4	4/4	2	1	1/4		1/4	1	1	-2	58	Bb3	3	200
8	8	31	0.25	3/4	3/4	4/4	1	1	1/16		1/16	1	-1	-1	77	F5	5	191
8	8	125/4	0.25	13/16	13/16	4/4	1	1	1/16		1/16	1	-1	2	74	D5	5	192
8	8	63/2	0.25	7/8	7/8	4/4	1	1	1/16		1/16	1		-3	75	Eb5	5	193
8	8	127/4	0.25	15/16	15/16	4/4	1	1	1/16		1/16	1	1	-1	77	F5	5	194
9	9	32	1.0	0	0	4/4	2	2	1/4		1/4	1	1	-2	46	Bb2	2	225
9	9	32	1.0	0	0	4/4	2	1	1/4		1/4	1	-1	-2	58	Bb3	3	222
9	9	32	0.25	0	0	4/4	1	1	1/16		1/16	1	-1	-1	77	F5	5	203
9	9	129/4	0.25	1/16	1/16	4/4	1	2	1/16		1/16	1		-1	77	F5	5	217
9	9	129/4	0.75	1/16	1/16	4/4	1	1	3/16		1/8	3/2	1	-1	77	F5	5	204
9	9	65/2	0.25	1/8	1/8	4/4	1	2	1/16		1/16	1		-2	70	Bb4	4	218
9	9	65/2	0.5	1/8	1/8	4/4	1	3	1/8		1/8	1	1	-2	70	Bb4	4	221
9	9	131/4	0.25	3/16	3/16	4/4	1	2	1/16		1/16	1	1	1	67	G4	4	219
9	9	33	0.5	1/4	1/4	4/4	2	2	1/8		1/8	1	-1	-2	46	Bb2	2	226
9	9	33	0.5	1/4	1/4	4/4	2	1	1/8		1/8	1		-2	58	Bb3	3	223
9	9	33	0.25	1/4	1/4	4/4	1	2	1/16		1/16	1	-1	1	67	G4	4	220
9	9	33	0.25	1/4	1/4	4/4	1	2	1/16		1/16	1	-1	-2	70	Bb4	4	220
9	9	33	0.25	1/4	1/4	4/4	1	1	1/16		1/16	1	-1	-1	77	F5	5	205
9	9	133/4	0.25	5/16	5/16	4/4	1	1	1/16		1/16	1		-2	70	Bb4	4	206
9	9	67/2	0.5	3/8	3/8	4/4	2	2	1/8		1/8	1		1	55	G3	3	227
9	9	67/2	0.25	3/8	3/8	4/4	1	1	1/16		1/16	1		-3	75	Eb5	5	207
9	9	135/4	0.25	7/16	7/16	4/4	1	1	1/16		1/16	1		2	74	D5	5	208
9	9	34	0.5	1/2	1/2	4/4	2	2	1/8		1/8	1		-4	56	Ab3	3	228
9	9	34	0.25	1/2	1/2	4/4	1	1	1/16		1/16	1		0	72	C5	5	209
9	9	137/4	0.25	9/16	9/16	4/4	1	1	1/16		1/16	1		-2	70	Bb4	4	210
9	9	69/2	0.5	5/8	5/8	4/4	2	2	1/8		1/8	1		-3	51	Eb3	3	229
9	9	69/2	0.25	5/8	5/8	4/4	1	1	1/16		1/16	1		-4	68	Ab4	4	211
9	9	139/4	0.25	11/16	11/16	4/4	1	1	1/16		1/16	1		1	67	G4	4	212
9	9	35	0.0	3/4	3/4	4/4	1	1	0	appoggiatura	1/8	1		1	67	G4	4	213
9	9	35	0.5	3/4	3/4	4/4	2	2	1/8		1/8	1		-2	58	Bb3	3	230
9	9	35	1.0	3/4	3/4	4/4	2	1	1/4		1/4	1		-2	58	Bb3	3	224
9	9	35	0.5	3/4	3/4	4/4	1	1	1/8		1/8	1		-1	65	F4	4	214
9	9	71/2	0.5	7/8	7/8	4/4	2	2	1/8		1/8	1		-2	46	Bb2	2	231
9	9	71/2	0.25	7/8	7/8	4/4	1	1	1/16		1/16	1		-3	63	Eb4	4	215
9	9	143/4	0.25	15/16	15/16	4/4	1	1	1/16		1/16	1		-1	65	F4	4	216
10	10	36	0.0	0	0	4/4	1	1	0	appoggiatura	1/8	1		-1	65	F4	4	232
10	10	36	1.0	0	0	4/4	2	1	1/4		1/4	1		-3	51	Eb3	3	245
10	10	36	0.5	0	0	4/4	1	1	1/8		1/8	1		1	67	G4	4	233
10	10	73/2	0.0	1/8	1/8	4/4	1	1	0	appoggiatura	1/8	1		-1	65	F4	4	234
10	10	73/2	0.5	1/8	1/8	4/4	1	1	1/8		1/8	1		-3	63	Eb4	4	235
10	10	37	1.0	1/4	1/4	4/4	2	1	1/4		1/4	1		-3	63	Eb4	4	246
10	10	149/4	0.5	5/16	5/16	4/4	1	2	1/8		1/8	1		1	67	G4	4	239
10	10	75/2	0.5	3/8	3/8	4/4	1	1	1/8		1/8	1		-2	70	Bb4	4	236
10	10	151/4	0.25	7/16	7/16	4/4	1	2	1/16		1/16	1		1	67	G4	4	240
10	10	38	1.0	1/2	1/2	4/4	2	1	1/4		1/4	1		2	62	D4	4	247
10	10	153/4	0.5	9/16	9/16	4/4	1	2	1/8		1/8	1		-1	65	F4	4	241
10	10	77/2	0.5	5/8	5/8	4/4	1	1	1/8		1/8	1		5	71	B4	4	237
10	10	155/4	0.25	11/16	11/16	4/4	1	2	1/16		1/16	1		-1	65	F4	4	242
10	10	39	1.0	3/4	3/4	4/4	2	1	1/4		1/4	1		-1	65	F4	4	248
10	10	157/4	0.5	13/16	13/16	4/4	1	2	1/8		1/8	1		-4	68	Ab4	4	243
10	10	79/2	0.5	7/8	7/8	4/4	1	1	1/8		1/8	1		5	71	B4	4	238
10	10	159/4	0.25	15/16	15/16	4/4	1	2	1/16		1/16	1		-4	68	Ab4	4	244
11	11	40	1.0	0	0	4/4	2	1	1/4		1/4	1		5	59	B3	3	262
11	11	161/4	0.5	1/16	1/16	4/4	1	2	1/8		1/8	1		-1	65	F4	4	253
11	11	81/2	0.5	1/8	1/8	4/4	1	1	1/8		1/8	1		2	74	D5	5	249
11	11	163/4	0.25	3/16	3/16	4/4	1	2	1/16		1/16	1		-1	65	F4	4	254
11	11	41	1.0	1/4	1/4	4/4	2	1	1/4		1/4	1		1	55	G3	3	263
11	11	165/4	0.5	5/16	5/16	4/4	1	2	1/8		1/8	1		5	59	B3	3	255
11	11	83/2	0.5	3/8	3/8	4/4	1	1	1/8		1/8	1		-1	65	F4	4	250
11	11	167/4	0.25	7/16	7/16	4/4	1	2	1/16		1/16	1		5	59	B3	3	256
11	11	42	1.0	1/2	1/2	4/4	2	1	1/4		1/4	1		5	47	B2	2	264
11	11	169/4	0.5	9/16	9/16	4/4	1	2	1/8		1/8	1		-1	53	F3	3	257
11	11	85/2	0.5	5/8	5/8	4/4	1	1	1/8		1/8	1		2	62	D4	4	251
11	11	171/4	0.25	11/16	11/16	4/4	1	2	1/16		1/16	1		-1	53	F3	3	258
11	11	43	1.0	3/4	3/4	4/4	2	1	1/4		1/4	1		1	43	G2	2	265
11	11	173/4	0.25	13/16	13/16	4/4	1	2	1/16		1/16	1		-1	53	F3	3	259
11	11	87/2	0.25	7/8	7/8	4/4	1	2	1/16		1/16	1		1	55	G3	3	260
11	11	87/2	0.5	7/8	7/8	4/4	1	1	1/8		1/8	1	1	1	55	G3	3	252
11	11	175/4	0.25	15/16	15/16	4/4	1	2	1/16		1/16	1	1	2	50	D3	3	261
12	12	44	2.0	0	0	4/4	2	2	1/2		1/2	1		0	36	C2	2	290
12	12	44	0.25	0	0	4/4	1	2	1/16		1/16	1	-1	2	50	D3	3	279
12	12	44	1.0	0	0	4/4	1	1	1/4		1/4	1	0	1	55	G3	3	266
12	12	177/4	0.25	1/16	1/16	4/4	1	2	1/16		1/16	1		2	50	D3	3	280
12	12	89/2	0.25	1/8	1/8	4/4	1	2	1/16		1/16	1		-3	51	Eb3	3	281
12	12	89/2	0.5	1/8	1/8	4/4	1	3	1/8		1/8	1	1	-3	51	Eb3	3	286
12	12	179/4	0.25	3/16	3/16	4/4	1	2	1/16		1/16	1	1	0	48	C3	3	282
12	12	45	1.0	1/4	1/4	4/4	2	1	1/4		1/4	1		1	43	G2	2	287
12	12	45	0.25	1/4	1/4	4/4	1	2	1/16		1/16	1	-1	0	48	C3	3	283
12	12	45	0.25	1/4	1/4	4/4	1	2	1/16		1/16	1	-1	-3	51	Eb3	3	283
12	12	45	0.25	1/4	1/4	4/4	1	1	1/16		1/16	1	-1	1	55	G3	3	267
12	12	181/4	0.25	5/16	5/16	4/4	1	1	1/16		1/16	1		5	71	B4	4	268
12	12	91/2	0.25	3/8	3/8	4/4	1	1	1/16		1/16	1		0	72	C5	5	269
12	12	183/4	0.25	7/16	7/16	4/4	1	1	1/16		1/16	1	1	2	74	D5	5	270
12	12	46	1.0	1/2	1/2	4/4	2	1	1/4		1/4	1	1	0	60	C4	4	288
12	12	46	0.25	1/2	1/2	4/4	1	1	1/16		1/16	1	-1	2	74	D5	5	271
12	12	185/4	0.25	9/16	9/16	4/4	1	1	1/16		1/16	1		2	74	D5	5	272
12	12	93/2	0.25	5/8	5/8	4/4	1	1	1/16		1/16	1		-3	75	Eb5	5	273
12	12	93/2	0.5	5/8	5/8	4/4	1	2	1/8		1/8	1	1	-3	75	Eb5	5	284
12	12	187/4	0.25	11/16	11/16	4/4	1	1	1/16		1/16	1	1	1	67	G4	4	274
12	12	47	0.5	3/4	3/4	4/4	2	2	1/8		1/8	1		0	48	C3	3	291
12	12	47	0.5	3/4	3/4	4/4	2	1	1/8		1/8	1	-1	0	60	C4	4	289
12	12	47	0.25	3/4	3/4	4/4	1	1	1/16		1/16	1	-1	1	67	G4	4	275
12	12	47	1.0	3/4	3/4	4/4	1	2	1/4		1/4	1	-1	-3	75	Eb5	5	285
12	12	189/4	0.25	13/16	13/16	4/4	1	1	1/16		1/16	1		1	67	G4	4	276
12	12	95/2	0.25	7/8	7/8	4/4	1	1	1/16		1/16	1		-4	68	Ab4	4	277
12	12	191/4	0.25	15/16	15/16	4/4	1	1	1/16		1/16	1	1	1	67	G4	4	278
13	13	48	1.0	0	0	4/4	2	1	1/4		1/4	1	1	0	60	C4	4	310
13	13	48	0.25	0	0	4/4	1	1	1/16		1/16	1	-1	1	67	G4	4	292
13	13	193/4	0.25	1/16	1/16	4/4	1	1	1/16		1/16	1		1	67	G4	4	293
13	13	97/2	0.25	1/8	1/8	4/4	1	1	1/16		1/16	1		6	66	F#4	4	294
13	13	97/2	0.5	1/8	1/8	4/4	1	2	1/8		1/8	1		6	66	F#4	4	308
13	13	195/4	0.25	3/16	3/16	4/4	1	1	1/16		1/16	1	1	3	69	A4	4	295
13	13	49	0.5	1/4	1/4	4/4	2	2	1/8		1/8	1		0	48	C3	3	314
13	13	49	0.5	1/4	1/4	4/4	2	1	1/8		1/8	1	-1	0	60	C4	4	311
13	13	49	0.25	1/4	1/4	4/4	1	1	1/16		1/16	1	-1	3	69	A4	4	296
13	13	197/4	0.25	5/16	5/16	4/4	1	1	1/16		1/16	1		3	69	A4	4	297
13	13	99/2	0.25	3/8	3/8	4/4	1	1	1/16		1/16	1		-2	70	Bb4	4	298
13	13	199/4	0.25	7/16	7/16	4/4	1	1	1/16		1/16	1	1	0	72	C5	5	299
13	13	50	1.0	1/2	1/2	4/4	2	1	1/4		1/4	1	1	5	59	B3	3	312
13	13	50	0.25	1/2	1/2	4/4	1	1	1/16		1/16	1	-1	0	72	C5	5	300
13	13	201/4	0.25	9/16	9/16	4/4	1	1	1/16		1/16	1		0	72	C5	5	301
13	13	101/2	0.25	5/8	5/8	4/4	1	1	1/16		1/16	1		2	74	D5	5	302
13	13	101/2	0.5	5/8	5/8	4/4	1	2	1/8		1/8	1		2	74	D5	5	309
13	13	203/4	0.25	11/16	11/16	4/4	1	1	1/16		1/16	1	1	-1	65	F4	4	303
13	13	51	0.5	3/4	3/4	4/4	2	2	1/8		1/8	1		5	47	B2	2	315
13	13	51	0.5	3/4	3/4	4/4	2	1	1/8		1/8	1	-1	5	59	B3	3	313
13	13	51	0.25	3/4	3/4	4/4	1	1	1/16		1/16	1	-1	-1	65	F4	4	304
13	13	205/4	0.25	13/16	13/16	4/4	1	1	1/16		1/16	1		-1	65	F4	4	305
13	13	103/2	0.25	7/8	7/8	4/4	1	1	1/16		1/16	1		1	67	G4	4	306
13	13	207/4	0.25	15/16	15/16	4/4	1	1	1/16		1/16	1	1	-1	65	F4	4	307
14	14	52	1.0	0	0	4/4	2	1	1/4		1/4	1	1	-2	58	Bb3	3	338
14	14	52	0.25	0	0	4/4	1	1	1/16		1/16	1	-1	-1	65	F4	4	316
14	14	209/4	0.25	1/16	1/16	4/4	1	1	1/16		1/16	1		-1	65	F4	4	317
14	14	105/2	0.25	1/8	1/8	4/4	1	1	1/16		1/16	1		4	64	E4	4	318
14	14	105/2	0.5	1/8	1/8	4/4	1	2	1/8		1/8	1	1	4	64	E4	4	332
14	14	211/4	0.25	3/16	3/16	4/4	1	1	1/16		1/16	1	1	1	67	G4	4	319
14	14	53	0.5	1/4	1/4	4/4	2	2	1/8		1/8	1		-2	46	Bb2	2	342
14	14	53	0.5	1/4	1/4	4/4	2	1	1/8		1/8	1	-1	-2	58	Bb3	3	339
14	14	53	0.25	1/4	1/4	4/4	1	2	1/16		1/16	1	-1	4	64	E4	4	333
14	14	53	0.25	1/4	1/4	4/4	1	1	1/16		1/16	1	-1	1	67	G4	4	320
14	14	213/4	0.25	5/16	5/16	4/4	1	1	1/16		1/16	1		1	67	G4	4	321
14	14	107/2	0.25	3/8	3/8	4/4	1	1	1/16		1/16	1		3	69	A4	4	322
14	14	215/4	0.25	7/16	7/16	4/4	1	1	1/16		1/16	1	1	-2	70	Bb4	4	323
14	14	54	1.0	1/2	1/2	4/4	2	1	1/4		1/4	1		3	57	A3	3	340
14	14	54	0.25	1/2	1/2	4/4	1	1	1/16		1/16	1	-1	-2	70	Bb4	4	324
14	14	217/4	0.25	9/16	9/16	4/4	1	1	1/16		1/16	1		-3	63	Eb4	4	325
14	14	217/4	0.75	9/16	9/16	4/4	1	2	3/16		1/8	3/2		-3	63	Eb4	4	334
14	14	109/2	0.25	5/8	5/8	4/4	1	1	1/16		1/16	1		6	66	F#4	4	326
14	14	109/2	0.5	5/8	5/8	4/4	1	3	1/8		1/8	1		6	66	F#4	4	336
14	14	219/4	0.25	11/16	11/16	4/4	1	1	1/16		1/16	1	1	0	72	C5	5	327
14	14	55	1.0	3/4	3/4	4/4	2	1	1/4		1/4	1		1	55	G3	3	341
14	14	55	0.25	3/4	3/4	4/4	1	1	1/16		1/16	1	-1	0	72	C5	5	328
14	14	221/4	0.25	13/16	13/16	4/4	1	1	1/16		1/16	1		-3	63	Eb4	4	329
14	14	221/4	0.75	13/16	13/16	4/4	1	2	3/16		1/8	3/2		-3	63	Eb4	4	335
14	14	111/2	0.25	7/8	7/8	4/4	1	1	1/16		1/16	1		1	67	G4	4	330
14	14	111/2	0.5	7/8	7/8	4/4	1	3	1/8		1/8	1		1	67	G4	4	337
14	14	223/4	0.25	15/16	15/16	4/4	1	1	1/16		1/16	1	1	0	72	C5	5	331
15	15	56	1.0	0	0	4/4	2	2	1/4		1/4	1		6	54	F#3	3	367
15	15	56	2.0	0	0	4/4	2	1	1/2		1/2	1		6	54	F#3	3	364
15	15	56	0.25	0	0	4/4	1	1	1/16		1/16	1	-1	0	72	C5	5	343
15	15	225/4	0.25	1/16	1/16	4/4	1	1	1/16		1/16	1		2	62	D4	4	344
15	15	225/4	0.75	1/16	1/16	4/4	1	2	3/16		1/8	3/2	1	2	62	D4	4	357
15	15	113/2	0.25	1/8	1/8	4/4	1	1	1/16		1/16	1		3	69	A4	4	345
15	15	113/2	0.5	1/8	1/8	4/4	1	3	1/8		1/8	1	1	3	69	A4	4	363
15	15	227/4	0.25	3/16	3/16	4/4	1	1	1/16		1/16	1	1	0	72	C5	5	346
15	15	57	1.0	1/4	1/4	4/4	2	2	1/4		1/4	1		2	50	D3	3	368
15	15	57	0.25	1/4	1/4	4/4	1	2	1/16		1/16	1	-1	2	62	D4	4	358
15	15	57	0.25	1/4	1/4	4/4	1	2	1/16		1/16	1	-1	3	69	A4	4	358
15	15	57	0.25	1/4	1/4	4/4	1	1	1/16		1/16	1	-1	0	72	C5	5	347
15	15	229/4	0.25	5/16	5/16	4/4	1	1	1/16		1/16	1		-2	70	Bb4	4	348
15	15	115/2	0.25	3/8	3/8	4/4	1	1	1/16		1/16	1		0	72	C5	5	349
15	15	231/4	0.25	7/16	7/16	4/4	1	1	1/16		1/16	1		3	69	A4	4	350
15	15	58	0.5	1/2	1/2	4/4	2	2	1/8		1/8	1		1	55	G3	3	369
15	15	58	1.0	1/2	1/2	4/4	2	1	1/4		1/4	1		1	55	G3	3	365
15	15	58	0.25	1/2	1/2	4/4	1	1	1/16		1/16	1		-2	70	Bb4	4	351
15	15	233/4	0.25	9/16	9/16	4/4	1	1	1/16		1/16	1		6	66	F#4	4	352
15	15	117/2	0.5	5/8	5/8	4/4	2	2	1/8		1/8	1		0	48	C3	3	370
15	15	117/2	0.25	5/8	5/8	4/4	1	2	1/16		1/16	1		1	67	G4	4	359
15	15	117/2	0.5	5/8	5/8	4/4	1	1	1/8		1/8	1	1	1	67	G4	4	353
15	15	59	0.5	3/4	3/4	4/4	2	2	1/8		1/8	1		2	50	D3	3	371
15	15	59	1.0	3/4	3/4	4/4	2	1	1/4		1/4	1		2	50	D3	3	366
15	15	59	0.25	3/4	3/4	4/4	1	2	1/16		1/16	1	-1	-2	58	Bb3	3	360
15	15	59	0.5	3/4	3/4	4/4	1	1	1/8		1/8	1	-1	1	67	G4	4	354
15	15	237/4	0.25	13/16	13/16	4/4	1	2	1/16		1/16	1	1	3	57	A3	3	361
15	15	119/2	0.5	7/8	7/8	4/4	2	2	1/8		1/8	1		2	38	D2	2	372
15	15	119/2	0.5	7/8	7/8	4/4	1	2	1/8		1/8	1	-1	3	57	A3	3	362
15	15	119/2	0.25	7/8	7/8	4/4	1	1	1/16		1/16	1		1	67	G4	4	355
15	15	239/4	0.25	15/16	15/16	4/4	1	1	1/16		1/16	1		6	66	F#4	4	356
16	16	60	0.0	0	0	4/4	1	1	0	appoggiatura	1/8	1		6	66	F#4	4	373
16	16	60	1.0	0	0	4/4	2	1	1/4		1/4	1		1	43	G2	2	394
16	16	60	1.0	0	0	4/4	1	1	1/4		1/4	1		1	67	G4	4	374
16	16	241/4	0.25	1/16	1/16	4/4	1	2	1/16		1/16	1		0	60	C4	4	385
16	16	121/2	0.25	1/8	1/8	4/4	1	3	1/16		1/16	1		-2	58	Bb3	3	392
16	16	121/2	0.5	1/8	1/8	4/4	1	2	1/8		1/8	1		-2	58	Bb3	3	386
16	16	243/4	0.25	3/16	3/16	4/4	1	3	1/16		1/16	1		2	62	D4	4	393
16	16	61	0.5	1/4	1/4	4/4	2	1	1/8		1/8	1		-2	70	Bb4	4	395
16	16	245/4	0.25	5/16	5/16	4/4	1	1	1/16		1/16	1		2	74	D5	5	375
16	16	245/4	0.75	5/16	5/16	4/4	1	2	3/16		1/8	3/2	1	2	74	D5	5	387
16	16	123/2	0.25	3/8	3/8	4/4	1	1	1/16		1/16	1		-3	75	Eb5	5	376
16	16	247/4	0.25	7/16	7/16	4/4	1	1	1/16		1/16	1	1	-1	77	F5	5	377
16	16	62	0.5	1/2	1/2	4/4	2	1	1/8		1/8	1		-2	70	Bb4	4	396
16	16	62	0.75	1/2	1/2	4/4	1	2	3/16		1/8	3/2	-1	2	74	D5	5	388
16	16	62	0.25	1/2	1/2	4/4	1	1	1/16		1/16	1	-1	-1	77	F5	5	378
16	16	249/4	0.25	9/16	9/16	4/4	1	1	1/16		1/16	1		-1	77	F5	5	379
16	16	125/2	0.5	5/8	5/8	4/4	1	1	1/8		1/8	1	1	-3	75	Eb5	5	380
16	16	251/4	0.25	11/16	11/16	4/4	1	2	1/16		1/16	1	1	0	72	C5	5	389
16	16	63	0.5	3/4	3/4	4/4	2	1	1/8		1/8	1		3	69	A4	4	397
16	16	63	0.25	3/4	3/4	4/4	1	2	1/16		1/16	1	-1	0	72	C5	5	390
16	16	63	0.25	3/4	3/4	4/4	1	1	1/16		1/16	1	-1	-3	75	Eb5	5	381
16	16	253/4	0.25	13/16	13/16	4/4	1	1	1/16		1/16	1		0	72	C5	5	382
16	16	253/4	0.75	13/16	13/16	4/4	1	2	3/16		1/8	3/2	1	0	72	C5	5	391
16	16	127/2	0.25	7/8	7/8	4/4	1	1	1/16		1/16	1		2	74	D5	5	383
16	16	255/4	0.25	15/16	15/16	4/4	1	1	1/16		1/16	1	1	-3	75	Eb5	5	384
17	17	64	0.5	0	0	4/4	2	1	1/8		1/8	1		-2	70	Bb4	4	419
17	17	64	0.75	0	0	4/4	1	2	3/16		1/8	3/2	-1	0	72	C5	5	410
17	17	64	0.25	0	0	4/4	1	1	1/16		1/16	1	-1	-3	75	Eb5	5	398
17	17	257/4	0.25	1/16	1/16	4/4	1	1	1/16		1/16	1		-3	75	Eb5	5	399
17	17	129/2	0.5	1/8	1/8	4/4	1	1	1/8		1/8	1	1	2	74	D5	5	400
17	17	259/4	0.25	3/16	3/16	4/4	1	2	1/16		1/16	1	1	-2	70	Bb4	4	411
17	17	65	0.5	1/4	1/4	4/4	2	1	1/8		1/8	1		2	62	D4	4	420
17	17	65	0.25	1/4	1/4	4/4	1	2	1/16		1/16	1	-1	-2	70	Bb4	4	412
17	17	65	0.25	1/4	1/4	4/4	1	1	1/16		1/16	1	-1	2	74	D5	5	401
17	17	261/4	0.25	5/16	5/16	4/4	1	1	1/16		1/16	1		-2	70	Bb4	4	402
17	17	261/4	0.75	5/16	5/16	4/4	1	2	3/16		1/8	3/2	1	-2	70	Bb4	4	413
17	17	131/2	0.25	3/8	3/8	4/4	1	1	1/16		1/16	1		0	72	C5	5	403
17	17	263/4	0.25	7/16	7/16	4/4	1	1	1/16		1/16	1	1	2	74	D5	5	404
17	17	66	0.5	1/2	1/2	4/4	2	1	1/8		1/8	1		-3	63	Eb4	4	421
17	17	66	0.75	1/2	1/2	4/4	1	2	3/16		1/8	3/2	-1	-2	70	Bb4	4	414
17	17	66	0.25	1/2	1/2	4/4	1	1	1/16		1/16	1	-1	2	74	D5	5	405
17	17	265/4	0.25	9/16	9/16	4/4	1	1	1/16		1/16	1		2	74	D5	5	406
17	17	133/2	0.5	5/8	5/8	4/4	1	1	1/8		1/8	1	1	0	72	C5	5	407
17	17	267/4	0.25	11/16	11/16	4/4	1	2	1/16		1/16	1	1	-2	70	Bb4	4	415
17	17	67	0.5	3/4	3/4	4/4	2	1	1/8		1/8	1		4	64	E4	4	422
17	17	67	0.25	3/4	3/4	4/4	1	2	1/16		1/16	1	-1	-2	70	Bb4	4	416
17	17	67	0.5	3/4	3/4	4/4	1	1	1/8		1/8	1	-1	0	72	C5	5	408
17	17	269/4	0.5	13/16	13/16	4/4	1	2	1/8		1/8	1		-2	70	Bb4	4	417
17	17	135/2	0.5	7/8	7/8	4/4	1	1	1/8		1/8	1	1	0	72	C5	5	409
17	17	271/4	0.25	15/16	15/16	4/4	1	2	1/16		1/16	1	1	-2	70	Bb4	4	418
18	18	68	0.5	0	0	4/4	2	1	1/8		1/8	1		-1	65	F4	4	441
18	18	68	0.25	0	0	4/4	1	2	1/16		1/16	1	-1	-2	70	Bb4	4	434
18	18	68	0.75	0	0	4/4	1	1	3/16		1/8	3/2	-1	0	72	C5	5	423
18	18	273/4	0.25	1/16	1/16	4/4	1	2	1/16		1/16	1		-2	70	Bb4	4	435
18	18	137/2	0.5	1/8	1/8	4/4	1	2	1/8		1/8	1		3	69	A4	4	436
18	18	275/4	0.25	3/16	3/16	4/4	1	1	1/16		1/16	1		0	72	C5	5	424
18	18	69	0.5	1/4	1/4	4/4	2	1	1/8		1/8	1		-1	53	F3	3	442
18	18	277/4	0.25	5/16	5/16	4/4	1	1	1/16		1/16	1		-1	65	F4	4	425
18	18	139/2	0.25	3/8	3/8	4/4	1	1	1/16		1/16	1		1	67	G4	4	426
18	18	279/4	0.25	7/16	7/16	4/4	1	1	1/16		1/16	1	1	-4	68	Ab4	4	427
18	18	70	1.0	1/2	1/2	4/4	2	1	1/4		1/4	1	1	2	50	D3	3	443
18	18	70	1.0	1/2	1/2	4/4	2	2	1/4		1/4	1		2	50	D3	3	445
18	18	70	0.25	1/2	1/2	4/4	1	1	1/16		1/16	1	-1	-4	68	Ab4	4	428
18	18	281/4	0.25	9/16	9/16	4/4	1	2	1/16		1/16	1		-4	68	Ab4	4	437
18	18	281/4	0.75	9/16	9/16	4/4	1	1	3/16		1/8	3/2	1	-4	68	Ab4	4	429
18	18	141/2	0.5	5/8	5/8	4/4	1	3	1/8		1/8	1	1	-1	65	F4	4	440
18	18	283/4	0.25	11/16	11/16	4/4	1	2	1/16		1/16	1	1	-2	58	Bb3	3	438
18	18	71	0.5	3/4	3/4	4/4	2	2	1/8		1/8	1		2	38	D2	2	446
18	18	71	0.5	3/4	3/4	4/4	2	1	1/8		1/8	1	-1	2	50	D3	3	444
18	18	71	0.25	3/4	3/4	4/4	1	2	1/16		1/16	1	-1	-2	58	Bb3	3	439
18	18	71	0.25	3/4	3/4	4/4	1	2	1/16		1/16	1	-1	-1	65	F4	4	439
18	18	71	0.25	3/4	3/4	4/4	1	1	1/16		1/16	1	-1	-4	68	Ab4	4	430
18	18	285/4	0.25	13/16	13/16	4/4	1	1	1/16		1/16	1		-1	65	F4	4	431
18	18	143/2	0.25	7/8	7/8	4/4	1	1	1/16		1/16	1		1	67	G4	4	432
18	18	287/4	0.25	15/16	15/16	4/4	1	1	1/16		1/16	1	1	-4	68	Ab4	4	433
19	19	72	1.0	0	0	4/4	2	1	1/4		1/4	1	1	2	50	D3	3	467
19	19	72	1.0	0	0	4/4	2	2	1/4		1/4	1		2	50	D3	3	471
19	19	72	0.25	0	0	4/4	1	1	1/16		1/16	1	-1	-4	68	Ab4	4	447
19	19	289/4	0.25	1/16	1/16	4/4	1	1	1/16		1/16	1		-4	56	Ab3	3	448
19	19	289/4	0.75	1/16	1/16	4/4	1	2	3/16		1/8	3/2	1	-4	56	Ab3	3	461
19	19	145/2	0.25	1/8	1/8	4/4	1	1	1/16		1/16	1		-2	58	Bb3	3	449
19	19	145/2	0.5	1/8	1/8	4/4	1	3	1/8		1/8	1	1	-2	58	Bb3	3	466
19	19	291/4	0.25	3/16	3/16	4/4	1	1	1/16		1/16	1	1	-1	65	F4	4	450
19	19	73	0.5	1/4	1/4	4/4	2	2	1/8		1/8	1		2	38	D2	2	472
19	19	73	0.5	1/4	1/4	4/4	2	1	1/8		1/8	1	-1	2	50	D3	3	468
19	19	73	0.25	1/4	1/4	4/4	1	2	1/16		1/16	1	-1	-4	56	Ab3	3	462
19	19	73	0.25	1/4	1/4	4/4	1	2	1/16		1/16	1	-1	-2	58	Bb3	3	462
19	19	73	0.25	1/4	1/4	4/4	1	1	1/16		1/16	1	-1	-1	65	F4	4	451
19	19	293/4	0.25	5/16	5/16	4/4	1	1	1/16		1/16	1		-1	65	F4	4	452
19	19	147/2	0.25	3/8	3/8	4/4	1	1	1/16		1/16	1		1	67	G4	4	453
19	19	295/4	0.25	7/16	7/16	4/4	1	1	1/16		1/16	1	1	-4	68	Ab4	4	454
19	19	74	1.0	1/2	1/2	4/4	2	1	1/4		1/4	1	1	2	50	D3	3	469
19	19	74	1.0	1/2	1/2	4/4	2	2	1/4		1/4	1		2	50	D3	3	473
19	19	74	0.25	1/2	1/2	4/4	1	1	1/16		1/16	1	-1	-4	68	Ab4	4	455
19	19	297/4	0.5	9/16	9/16	4/4	1	1	1/8		1/8	1		-4	56	Ab3	3	456
19	19	149/2	0.5	5/8	5/8	4/4	1	2	1/8		1/8	1	1	-1	53	F3	3	463
19	19	299/4	0.25	11/16	11/16	4/4	1	1	1/16		1/16	1	1	-4	56	Ab3	3	457
19	19	75	0.5	3/4	3/4	4/4	2	2	1/8		1/8	1		2	38	D2	2	474
19	19	75	0.5	3/4	3/4	4/4	2	1	1/8		1/8	1	-1	2	50	D3	3	470
19	19	75	0.75	3/4	3/4	4/4	1	2	3/16		1/8	3/2	-1	-1	53	F3	3	464
19	19	75	0.25	3/4	3/4	4/4	1	1	1/16		1/16	1	-1	-4	56	Ab3	3	458
19	19	301/4	0.25	13/16	13/16	4/4	1	1	1/16		1/16	1		-4	56	Ab3	3	459
19	19	151/2	0.5	7/8	7/8	4/4	1	1	1/8		1/8	1	1	-2	58	Bb3	3	460
19	19	303/4	0.25	15/16	15/16	4/4	1	2	1/16		1/16	1	1	-1	53	F3	3	465
20	20	76	0.5	0	0	4/4	2	1	1/8		1/8	1		-3	51	Eb3	3	497
20	20	76	0.25	0	0	4/4	1	2	1/16		1/16	1	-1	-1	53	F3	3	486
20	20	76	1.0	0	0	4/4	1	1	1/4		1/4	1	0	-2	58	Bb3	3	475
20	20	305/4	0.25	1/16	1/16	4/4	1	2	1/16		1/16	1		-1	53	F3	3	487
20	20	153/2	0.25	1/8	1/8	4/4	1	2	1/16		1/16	1		1	55	G3	3	488
20	20	153/2	0.5	1/8	1/8	4/4	1	3	1/8		1/8	1	1	1	55	G3	3	495
20	20	307/4	0.25	3/16	3/16	4/4	1	2	1/16		1/16	1	1	-3	51	Eb3	3	489
20	20	77	0.5	1/4	1/4	4/4	2	1	1/8		1/8	1		-3	39	Eb2	2	498
20	20	77	0.25	1/4	1/4	4/4	1	2	1/16		1/16	1	-1	-3	51	Eb3	3	490
20	20	77	0.25	1/4	1/4	4/4	1	2	1/16		1/16	1	-1	1	55	G3	3	490
20	20	77	0.25	1/4	1/4	4/4	1	1	1/16		1/16	1	-1	-2	58	Bb3	3	476
20	20	309/4	0.25	5/16	5/16	4/4	1	1	1/16		1/16	1		1	67	G4	4	477
20	20	155/2	0.25	3/8	3/8	4/4	1	1	1/16		1/16	1		3	69	A4	4	478
20	20	311/4	0.25	7/16	7/16	4/4	1	1	1/16		1/16	1	1	-2	70	Bb4	4	479
20	20	78	1.0	1/2	1/2	4/4	2	1	1/4		1/4	1	1	4	52	E3	3	499
20	20	78	1.0	1/2	1/2	4/4	2	2	1/4		1/4	1		4	52	E3	3	501
20	20	78	0.25	1/2	1/2	4/4	1	1	1/16		1/16	1	-1	-2	70	Bb4	4	480
20	20	313/4	0.25	9/16	9/16	4/4	1	2	1/16		1/16	1		-2	70	Bb4	4	491
20	20	313/4	0.75	9/16	9/16	4/4	1	1	3/16		1/8	3/2	1	-2	70	Bb4	4	481
20	20	157/2	0.25	5/8	5/8	4/4	1	2	1/16		1/16	1		1	67	G4	4	492
20	20	157/2	0.5	5/8	5/8	4/4	1	3	1/8		1/8	1	1	1	67	G4	4	496
20	20	315/4	0.25	11/16	11/16	4/4	1	2	1/16		1/16	1	1	0	60	C4	4	493
20	20	79	0.5	3/4	3/4	4/4	2	2	1/8		1/8	1		4	40	E2	2	502
20	20	79	0.5	3/4	3/4	4/4	2	1	1/8		1/8	1	-1	4	52	E3	3	500
20	20	79	0.25	3/4	3/4	4/4	1	2	1/16		1/16	1	-1	0	60	C4	4	494
20	20	79	0.25	3/4	3/4	4/4	1	2	1/16		1/16	1	-1	1	67	G4	4	494
20	20	79	0.25	3/4	3/4	4/4	1	1	1/16		1/16	1	-1	-2	70	Bb4	4	482
20	20	317/4	0.25	13/16	13/16	4/4	1	1	1/16		1/16	1		1	67	G4	4	483
20	20	159/2	0.25	7/8	7/8	4/4	1	1	1/16		1/16	1		3	69	A4	4	484
20	20	319/4	0.25	15/16	15/16	4/4	1	1	1/16		1/16	1	1	-2	70	Bb4	4	485
21	21	80	1.0	0	0	4/4	2	1	1/4		1/4	1	1	4	52	E3	3	523
21	21	80	1.0	0	0	4/4	2	2	1/4		1/4	1		4	52	E3	3	527
21	21	80	0.25	0	0	4/4	1	1	1/16		1/16	1	-1	-2	70	Bb4	4	503
21	21	321/4	0.75	1/16	1/16	4/4	1	2	3/16		1/8	3/2	1	-9	57	Bbb3	3	517
21	21	321/4	0.25	1/16	1/16	4/4	1	1	1/16		1/16	1		-2	58	Bb3	3	504
21	21	161/2	0.25	1/8	1/8	4/4	1	1	1/16		1/16	1		0	60	C4	4	505
21	21	161/2	0.5	1/8	1/8	4/4	1	3	1/8		1/8	1	1	0	60	C4	4	522
21	21	323/4	0.25	3/16	3/16	4/4	1	1	1/16		1/16	1	1	1	67	G4	4	506
21	21	81	0.5	1/4	1/4	4/4	2	2	1/8		1/8	1		4	40	E2	2	528
21	21	81	0.5	1/4	1/4	4/4	2	1	1/8		1/8	1	-1	4	52	E3	3	524
21	21	81	0.25	1/4	1/4	4/4	1	2	1/16		1/16	1	-1	-9	57	Bbb3	3	518
21	21	81	0.25	1/4	1/4	4/4	1	2	1/16		1/16	1	-1	0	60	C4	4	518
21	21	81	0.25	1/4	1/4	4/4	1	1	1/16		1/16	1	-1	1	67	G4	4	507
21	21	325/4	0.25	5/16	5/16	4/4	1	1	1/16		1/16	1		1	67	G4	4	508
21	21	163/2	0.25	3/8	3/8	4/4	1	1	1/16		1/16	1		3	69	A4	4	509
21	21	327/4	0.25	7/16	7/16	4/4	1	1	1/16		1/16	1	1	-2	70	Bb4	4	510
21	21	82	1.0	1/2	1/2	4/4	2	1	1/4		1/4	1	1	4	52	E3	3	525
21	21	82	1.0	1/2	1/2	4/4	2	2	1/4		1/4	1		4	52	E3	3	529
21	21	82	0.25	1/2	1/2	4/4	1	1	1/16		1/16	1	-1	-2	70	Bb4	4	511
21	21	329/4	0.5	9/16	9/16	4/4	1	1	1/8		1/8	1		-2	58	Bb3	3	512
21	21	165/2	0.5	5/8	5/8	4/4	1	2	1/8		1/8	1	1	1	55	G3	3	519
21	21	331/4	0.25	11/16	11/16	4/4	1	1	1/16		1/16	1	1	-2	58	Bb3	3	513
21	21	83	0.5	3/4	3/4	4/4	2	2	1/8		1/8	1		4	40	E2	2	530
21	21	83	0.5	3/4	3/4	4/4	2	1	1/8		1/8	1	-1	4	52	E3	3	526
21	21	83	0.75	3/4	3/4	4/4	1	2	3/16		1/8	3/2	-1	1	55	G3	3	520
21	21	83	0.25	3/4	3/4	4/4	1	1	1/16		1/16	1	-1	-2	58	Bb3	3	514
21	21	333/4	0.25	13/16	13/16	4/4	1	1	1/16		1/16	1		-2	58	Bb3	3	515
21	21	167/2	0.5	7/8	7/8	4/4	1	1	1/8		1/8	1	1	0	60	C4	4	516
21	21	335/4	0.25	15/16	15/16	4/4	1	2	1/16		1/16	1	1	1	55	G3	3	521
22	22	84	0.5	0	0	4/4	2	1	1/8		1/8	1		-1	53	F3	3	554
22	22	84	0.25	0	0	4/4	1	2	1/16		1/16	1	-1	1	55	G3	3	549
22	22	84	1.0	0	0	4/4	1	1	1/4		1/4	1	-1	0	60	C4	4	531
22	22	337/4	0.25	1/16	1/16	4/4	1	2	1/16		1/16	1		1	55	G3	3	550
22	22	169/2	0.25	1/8	1/8	4/4	1	2	1/16		1/16	1		3	57	A3	3	551
22	22	169/2	0.5	1/8	1/8	4/4	1	3	1/8		1/8	1		3	57	A3	3	553
22	22	339/4	0.25	3/16	3/16	4/4	1	2	1/16		1/16	1		-1	53	F3	3	552
22	22	85	0.5	1/4	1/4	4/4	2	2	1/8		1/8	1		2	38	D2	2	561
22	22	85	0.5	1/4	1/4	4/4	2	1	1/8		1/8	1		2	50	D3	3	555
22	22	341/4	0.125	5/16	5/16	4/4	1	1	1/32		1/32	1		-1	65	F4	4	532
22	22	683/8	0.125	11/32	11/32	4/4	1	1	1/32		1/32	1		-3	63	Eb4	4	533
22	22	171/2	0.125	3/8	3/8	4/4	1	1	1/32		1/32	1		2	62	D4	4	534
22	22	685/8	0.125	13/32	13/32	4/4	1	1	1/32		1/32	1		0	60	C4	4	535
22	22	343/4	0.125	7/16	7/16	4/4	1	1	1/32		1/32	1		-2	58	Bb3	3	536
22	22	687/8	0.125	15/32	15/32	4/4	1	1	1/32		1/32	1		3	57	A3	3	537
22	22	86	0.5	1/2	1/2	4/4	2	1	1/8		1/8	1		1	55	G3	3	556
22	22	86	0.125	1/2	1/2	4/4	1	1	1/32		1/32	1		-2	58	Bb3	3	538
22	22	689/8	0.125	17/32	17/32	4/4	1	1	1/32		1/32	1		0	60	C4	4	539
22	22	345/4	0.125	9/16	9/16	4/4	1	1	1/32		1/32	1		-2	58	Bb3	3	540
22	22	691/8	0.125	19/32	19/32	4/4	1	1	1/32		1/32	1		3	57	A3	3	541
22	22	173/2	0.125	5/8	5/8	4/4	1	1	1/32		1/32	1		1	55	G3	3	542
22	22	693/8	0.125	21/32	21/32	4/4	2	1	1/32		1/32	1		-1	53	F3	3	557
22	22	347/4	0.125	11/16	11/16	4/4	2	1	1/32		1/32	1		-3	51	Eb3	3	558
22	22	695/8	0.125	23/32	23/32	4/4	2	1	1/32		1/32	1		2	50	D3	3	559
22	22	87	0.5	3/4	3/4	4/4	2	1	1/8		1/8	1		0	48	C3	3	560
22	22	349/4	0.125	13/16	13/16	4/4	1	1	1/32		1/32	1		1	67	G4	4	543
22	22	699/8	0.125	27/32	27/32	4/4	1	1	1/32		1/32	1		-1	65	F4	4	544
22	22	175/2	0.125	7/8	7/8	4/4	1	1	1/32		1/32	1		-3	63	Eb4	4	545
22	22	701/8	0.125	29/32	29/32	4/4	1	1	1/32		1/32	1		2	62	D4	4	546
22	22	351/4	0.125	15/16	15/16	4/4	1	1	1/32		1/32	1		0	60	C4	4	547
22	22	703/8	0.125	31/32	31/32	4/4	1	1	1/32		1/32	1		-2	58	Bb3	3	548
23	23	88	0.5	0	0	4/4	2	1	1/8		1/8	1		-1	53	F3	3	582
23	23	88	0.125	0	0	4/4	1	1	1/32		1/32	1		3	57	A3	3	562
23	23	705/8	0.125	1/32	1/32	4/4	1	1	1/32		1/32	1		-2	58	Bb3	3	563
23	23	353/4	0.125	1/16	1/16	4/4	1	1	1/32		1/32	1		3	57	A3	3	564
23	23	707/8	0.125	3/32	3/32	4/4	1	1	1/32		1/32	1		1	55	G3	3	565
23	23	177/2	0.125	1/8	1/8	4/4	1	1	1/32		1/32	1		-1	53	F3	3	566
23	23	709/8	0.125	5/32	5/32	4/4	2	1	1/32		1/32	1		1	55	G3	3	583
23	23	355/4	0.125	3/16	3/16	4/4	2	1	1/32		1/32	1		-1	53	F3	3	584
23	23	711/8	0.125	7/32	7/32	4/4	2	1	1/32		1/32	1		-3	51	Eb3	3	585
23	23	89	1.0	1/4	1/4	4/4	2	1	1/4		1/4	1		2	50	D3	3	586
23	23	357/4	0.5	5/16	5/16	4/4	1	1	1/8		1/8	1		-1	65	F4	4	567
23	23	359/4	0.25	7/16	7/16	4/4	1	1	1/16		1/16	1		1	67	G4	4	568
23	23	90	0.5	1/2	1/2	4/4	2	1	1/8		1/8	1		0	48	C3	3	587
23	23	90	0.5	1/2	1/2	4/4	1	2	1/8		1/8	1		0	60	C4	4	574
23	23	90	0.5	1/2	1/2	4/4	1	3	1/8		1/8	1		-3	63	Eb4	4	578
23	23	90	0.5	1/2	1/2	4/4	1	1	1/8		1/8	1		3	69	A4	4	569
23	23	181/2	0.5	5/8	5/8	4/4	2	1	1/8		1/8	1		-2	46	Bb2	2	588
23	23	181/2	0.5	5/8	5/8	4/4	1	2	1/8		1/8	1	1	2	62	D4	4	575
23	23	181/2	0.5	5/8	5/8	4/4	1	3	1/8		1/8	1	1	-1	65	F4	4	579
23	23	181/2	0.5	5/8	5/8	4/4	1	1	1/8		1/8	1	1	-2	70	Bb4	4	570
23	23	91	0.5	3/4	3/4	4/4	2	2	1/8		1/8	1		-1	53	F3	3	590
23	23	91	1.0	3/4	3/4	4/4	2	1	1/4		1/4	1		-1	53	F3	3	589
23	23	91	0.25	3/4	3/4	4/4	1	2	1/16		1/16	1	-1	2	62	D4	4	576
23	23	91	0.5	3/4	3/4	4/4	1	3	1/8		1/8	1	-1	-1	65	F4	4	580
23	23	91	0.5	3/4	3/4	4/4	1	1	1/8		1/8	1	-1	-2	70	Bb4	4	571
23	23	365/4	0.75	13/16	13/16	4/4	1	2	3/16		1/8	3/2		0	60	C4	4	577
23	23	183/2	0.5	7/8	7/8	4/4	2	2	1/8		1/8	1		-1	41	F2	2	591
23	23	183/2	0.5	7/8	7/8	4/4	1	3	1/8		1/8	1		-3	63	Eb4	4	581
23	23	183/2	0.25	7/8	7/8	4/4	1	1	1/16		1/16	1		-2	70	Bb4	4	572
23	23	367/4	0.25	15/16	15/16	4/4	1	1	1/16		1/16	1		3	69	A4	4	573
24	24	92	0.0	0	0	4/4	1	1	0	appoggiatura	1/8	1		3	69	A4	4	592
24	24	92	2.0	0	0	4/4	2	2	1/2		1/2	1	1	-2	46	Bb2	2	604
24	24	92	1.0	0	0	4/4	1	1	1/4		1/4	1		-2	70	Bb4	4	593
24	24	369/4	0.25	1/16	1/16	4/4	1	2	1/16		1/16	1		-3	63	Eb4	4	596
24	24	185/2	0.25	1/8	1/8	4/4	1	3	1/16		1/16	1		2	62	D4	4	600
24	24	185/2	0.5	1/8	1/8	4/4	1	2	1/8		1/8	1	1	2	62	D4	4	597
24	24	371/4	0.25	3/16	3/16	4/4	1	3	1/16		1/16	1	1	-1	65	F4	4	601
24	24	93	1.0	1/4	1/4	4/4	1	2	1/4		1/4	1	0	2	62	D4	4	598
24	24	93	1.0	1/4	1/4	4/4	1	1	1/4		1/4	1	0	-1	65	F4	4	594
24	24	93	1.0	1/4	1/4	4/4	1	1	1/4		1/4	1	1	-2	70	Bb4	4	594
24	24	187/2	0.5	3/8	3/8	4/4	2	1	1/8		1/8	1	1	-1	53	F3	3	602
24	24	94	2.0	1/2	1/2	4/4	2	2	1/2		1/2	1	-1	-2	46	Bb2	2	605
24	24	94	2.0	1/2	1/2	4/4	2	1	1/2		1/2	1	-1	-1	53	F3	3	603
24	24	94	2.0	1/2	1/2	4/4	2	1	1/2		1/2	1		-2	58	Bb3	3	603
24	24	94	2.0	1/2	1/2	4/4	1	2	1/2		1/2	1	-1	2	62	D4	4	599
24	24	94	2.0	1/2	1/2	4/4	1	1	1/2		1/2	1	-1	-1	65	F4	4	595
24	24	94	2.0	1/2	1/2	4/4	1	1	1/2		1/2	1	-1	-2	70	Bb4	4	595
