mc	mn	mc_onset	mn_onset	timesig	staff	voice	duration	gracenote	nominal_duration	scalar	tied	tpc	midi	volta	chord_id
1	1	5/16	5/16	4/4	1	1	1/16		1/16	1		3	57		0
1	1	3/8	3/8	4/4	1	1	1/16		1/16	1		-2	58		1
1	1	7/16	7/16	4/4	1	1	1/16		1/16	1		0	60		2
1	1	1/2	1/2	4/4	1	1	0	appoggiatura	1/8	1		0	60		3
1	1	1/2	1/2	4/4	2	1	3/8		1/4	3/2		-2	46		10
1	1	1/2	1/2	4/4	1	1	1/8		1/8	1		2	62		4
1	1	5/8	5/8	4/4	1	1	1/16		1/16	1		-3	63		5
1	1	11/16	11/16	4/4	1	1	1/16		1/16	1		2	62		6
1	1	3/4	3/4	4/4	1	1	0	appoggiatura	1/8	1		2	62		7
1	1	3/4	3/4	4/4	1	1	3/16		1/8	3/2		-3	63		8
1	1	7/8	7/8	4/4	2	1	3/32		1/16	3/2		-2	58		11
1	1	15/16	15/16	4/4	1	1	1/16		1/16	1		-1	65		9
1	1	31/32	31/32	4/4	2	1	1/32		1/32	1		-2	58		12
2	2	0	0	4/4	1	1	0	appoggiatura	1/8	1		2	62		13
2	2	0	0	4/4	2	1	1/4		1/4	1		3	57		30
2	2	0	0	4/4	1	1	3/16		1/8	3/2		0	60		14
2	2	3/16	3/16	4/4	1	1	1/16		1/16	1		0	60		15
2	2	1/4	1/4	4/4	1	1	3/16		1/8	3/2		-1	65		16
2	2	3/8	3/8	4/4	2	1	1/8		1/8	1		3	45		31
2	2	7/16	7/16	4/4	1	1	1/80		1/64	4/5		-3	63		17
2	2	9/20	9/20	4/4	1	1	1/80		1/64	4/5		2	62		18
2	2	37/80	37/80	4/4	1	1	1/80		1/64	4/5		0	60		19
2	2	19/40	19/40	4/4	1	1	1/80		1/64	4/5		-2	58		20
2	2	39/80	39/80	4/4	1	1	1/80		1/64	4/5		3	57		21
2	2	1/2	1/2	4/4	1	1	0	appoggiatura	1/8	1		3	57		22
2	2	1/2	1/2	4/4	2	1	0	appoggiatura	1/8	1		3	45		32
2	2	1/2	1/2	4/4	2	1	1/4		1/4	1		1	43		33
2	2	1/2	1/2	4/4	1	1	3/16		1/8	3/2		-2	58		23
2	2	11/16	11/16	4/4	1	1	1/48		1/32	2/3		-2	58		24
2	2	17/24	17/24	4/4	1	1	1/48		1/32	2/3		0	60		25
2	2	35/48	35/48	4/4	1	1	1/48		1/32	2/3		2	62		26
2	2	3/4	3/4	4/4	1	1	0	appoggiatura	1/8	1		2	62		27
2	2	3/4	3/4	4/4	1	1	3/16		1/8	3/2		0	60		28
2	2	13/16	13/16	4/4	2	1	1/16		1/16	1		-1	53		34
2	2	7/8	7/8	4/4	2	1	1/8		1/8	1		4	52		35
2	2	15/16	15/16	4/4	1	1	1/16		1/16	1		2	62		29
3	3	0	0	4/4	2	2	1/2		1/2	1		-1	41		57
3	3	0	0	4/4	1	1	1/8		1/8	1		3	57		36
3	3	1/8	1/8	4/4	1	1	0	appoggiatura	1/8	1		1	55		37
3	3	1/8	1/8	4/4	1	1	1/8		1/8	1		-1	53		38
3	3	1/4	1/4	4/4	2	1	1/4		1/4	1		-1	53		52
3	3	11/32	11/32	4/4	1	1	1/32		1/32	1		1	55		39
3	3	3/8	3/8	4/4	1	1	1/32		1/32	1		3	57		40
3	3	13/32	13/32	4/4	1	1	1/32		1/32	1		-2	58		41
3	3	7/16	7/16	4/4	1	1	1/32		1/32	1		0	60		42
3	3	15/32	15/32	4/4	1	1	1/32		1/32	1		2	62		43
3	3	1/2	1/2	4/4	1	1	0	appoggiatura	1/8	1		2	62		44
3	3	1/2	1/2	4/4	2	1	1/8		1/8	1		1	55		53
3	3	1/2	1/2	4/4	2	2	1/4		1/4	1		1	55		58
3	3	1/2	1/2	4/4	1	1	3/16		1/8	3/2		-3	63		45
3	3	5/8	5/8	4/4	2	1	1/8		1/8	1		-2	58		54
3	3	11/16	11/16	4/4	1	1	1/48		1/32	2/3		-3	63		46
3	3	17/24	17/24	4/4	1	1	1/48		1/32	2/3		-1	65		47
3	3	35/48	35/48	4/4	1	1	1/48		1/32	2/3		1	67		48
3	3	3/4	3/4	4/4	1	1	0	appoggiatura	1/8	1		1	67		49
3	3	3/4	3/4	4/4	2	1	1/8		1/8	1		3	57		55
3	3	3/4	3/4	4/4	2	2	1/4		1/4	1		3	57		59
3	3	3/4	3/4	4/4	1	1	3/16		1/8	3/2		-1	65		50
3	3	7/8	7/8	4/4	2	1	1/8		1/8	1		0	60		56
3	3	15/16	15/16	4/4	1	1	1/16		1/16	1		1	67		51
4	4	0	0	4/4	2	1	1/8		1/8	1		-2	58		78
4	4	0	0	4/4	1	1	1/8		1/8	1		2	62		60
4	4	1/8	1/8	4/4	1	1	0	appoggiatura	1/8	1		0	60		61
4	4	1/8	1/8	4/4	1	1	1/8		1/8	1		-2	58		62
4	4	5/32	5/32	4/4	2	1	1/32		1/32	1		0	48		79
4	4	3/16	3/16	4/4	2	1	1/32		1/32	1		-2	46		80
4	4	7/32	7/32	4/4	2	1	1/32		1/32	1		3	45		81
4	4	1/4	1/4	4/4	2	2	1/4		1/4	1		1	43		88
4	4	1/4	1/4	4/4	1	1	3/16		1/8	3/2		-2	70		63
4	4	3/8	3/8	4/4	2	1	1/8		1/8	1		1	55		82
4	4	7/16	7/16	4/4	1	1	1/80		1/64	4/5		3	69		64
4	4	9/20	9/20	4/4	1	1	1/80		1/64	4/5		1	67		65
4	4	37/80	37/80	4/4	1	1	1/80		1/64	4/5		-1	65		66
4	4	19/40	19/40	4/4	1	1	1/80		1/64	4/5		4	64		67
4	4	39/80	39/80	4/4	1	1	1/80		1/64	4/5		2	62		68
4	4	1/2	1/2	4/4	2	1	1/8		1/8	1		0	60		83
4	4	1/2	1/2	4/4	1	1	1/8		1/8	1		4	64		69
4	4	5/8	5/8	4/4	1	1	0	appoggiatura	1/8	1		2	62		70
4	4	5/8	5/8	4/4	1	1	1/8		1/8	1		0	60		71
4	4	21/32	21/32	4/4	2	1	1/32		1/32	1		2	50		84
4	4	11/16	11/16	4/4	2	1	1/32		1/32	1		0	48		85
4	4	23/32	23/32	4/4	2	1	1/32		1/32	1		-2	46		86
4	4	3/4	3/4	4/4	2	2	1/4		1/4	1		3	45		89
4	4	3/4	3/4	4/4	1	1	3/16		1/8	3/2		0	72		72
4	4	7/8	7/8	4/4	2	1	1/8		1/8	1		3	57		87
4	4	15/16	15/16	4/4	1	1	1/80		1/64	4/5		-2	70		73
4	4	19/20	19/20	4/4	1	1	1/80		1/64	4/5		3	69		74
4	4	77/80	77/80	4/4	1	1	1/80		1/64	4/5		1	67		75
4	4	39/40	39/40	4/4	1	1	1/80		1/64	4/5		-1	65		76
4	4	79/80	79/80	4/4	1	1	1/80		1/64	4/5		4	64		77
5	5	0	0	4/4	1	1	0	appoggiatura	1/8	1		4	64		90
5	5	0	0	4/4	2	1	1/8		1/8	1		2	62		111
5	5	0	0	4/4	1	1	1/8		1/8	1		-1	65		91
5	5	1/8	1/8	4/4	1	1	0	appoggiatura	1/8	1		4	64		92
5	5	1/8	1/8	4/4	1	1	1/8		1/8	1		2	62		93
5	5	5/32	5/32	4/4	2	2	1/32		1/32	1		-3	51		115
5	5	3/16	3/16	4/4	2	2	1/32		1/32	1		2	50		116
5	5	7/32	7/32	4/4	2	2	1/32		1/32	1		0	48		117
5	5	1/4	1/4	4/4	2	2	1/4		1/4	1	1	-2	46		118
5	5	1/4	1/4	4/4	1	1	3/16		1/8	3/2		2	74		94
5	5	3/8	3/8	4/4	2	1	1/8		1/8	1		-2	58		112
5	5	7/16	7/16	4/4	1	1	1/80		1/64	4/5		0	72		95
5	5	9/20	9/20	4/4	1	1	1/80		1/64	4/5		-2	70		96
5	5	37/80	37/80	4/4	1	1	1/80		1/64	4/5		3	69		97
5	5	19/40	19/40	4/4	1	1	1/80		1/64	4/5		1	67		98
5	5	39/80	39/80	4/4	1	1	1/80		1/64	4/5		-1	65		99
5	5	1/2	1/2	4/4	2	2	1/8		1/8	1	-1	-2	46		119
5	5	1/2	1/2	4/4	1	1	1/16		1/16	1		4	64		100
5	5	9/16	9/16	4/4	1	1	1/16		1/16	1		0	60		101
5	5	9/16	9/16	4/4	1	2	1/16		1/16	1	1	0	60		106
5	5	5/8	5/8	4/4	2	2	1/16		1/16	1		3	45		120
5	5	5/8	5/8	4/4	1	2	3/32		1/16	3/2	-1	0	60		107
5	5	5/8	5/8	4/4	1	1	1/8		1/8	1		-1	65		102
5	5	11/16	11/16	4/4	2	2	1/16		1/16	1		-2	46		121
5	5	23/32	23/32	4/4	1	2	1/32		1/32	1		2	62		108
5	5	3/4	3/4	4/4	2	1	0	appoggiatura	1/8	1		-2	46		113
5	5	3/4	3/4	4/4	2	2	1/8		1/8	1		0	48		122
5	5	3/4	3/4	4/4	2	1	1/4		1/4	1		0	48		114
5	5	3/4	3/4	4/4	1	1	1/8		1/8	1		-1	65		103
5	5	7/8	7/8	4/4	2	2	1/8		1/8	1		0	36		123
5	5	7/8	7/8	4/4	1	2	3/32		1/16	3/2		3	57		109
5	5	7/8	7/8	4/4	1	1	3/32		1/16	3/2		-1	65		104
5	5	31/32	31/32	4/4	1	2	1/32		1/32	1	1	-2	58		110
5	5	31/32	31/32	4/4	1	1	1/32		1/32	1		4	64		105
6	6	0	0	4/4	1	1	0	appoggiatura	1/8	1		4	64		124
6	6	0	0	4/4	2	2	1/2		1/2	1		-1	41		151
6	6	0	0	4/4	1	2	1/16		1/16	1	-1	-2	58		136
6	6	0	0	4/4	1	1	1/4		1/4	1	1	-1	65		125
6	6	1/16	1/16	4/4	1	2	1/16		1/16	1		-2	58		137
6	6	1/8	1/8	4/4	1	3	1/16		1/16	1		3	57		144
6	6	1/8	1/8	4/4	1	2	1/8		1/8	1	1	3	57		138
6	6	3/16	3/16	4/4	1	3	1/16		1/16	1	1	0	60		145
6	6	1/4	1/4	4/4	2	1	1/2		1/2	1		-1	53		149
6	6	1/4	1/4	4/4	1	2	1/16		1/16	1	-1	3	57		139
6	6	1/4	1/4	4/4	1	2	1/16		1/16	1		0	60		139
6	6	1/4	1/4	4/4	1	3	1/4		1/4	1	-1	0	60		146
6	6	1/4	1/4	4/4	1	1	1/16		1/16	1	-1	-1	65		126
6	6	5/16	5/16	4/4	1	1	1/16		1/16	1		3	69		127
6	6	3/8	3/8	4/4	1	1	1/16		1/16	1		-2	70		128
6	6	7/16	7/16	4/4	1	1	1/16		1/16	1	1	0	72		129
6	6	1/2	1/2	4/4	2	2	1/2		1/2	1		-1	41		152
6	6	1/2	1/2	4/4	1	1	1/16		1/16	1	-1	0	72		130
6	6	9/16	9/16	4/4	1	2	1/16		1/16	1		0	72		140
6	6	9/16	9/16	4/4	1	1	3/16		1/8	3/2	1	0	72		131
6	6	5/8	5/8	4/4	1	2	1/16		1/16	1		3	69		141
6	6	5/8	5/8	4/4	1	3	1/8		1/8	1	1	3	69		147
6	6	11/16	11/16	4/4	1	2	1/16		1/16	1	1	-3	63		142
6	6	3/4	3/4	4/4	2	1	1/4		1/4	1	1	-1	53		150
6	6	3/4	3/4	4/4	1	2	1/16		1/16	1	-1	-3	63		143
6	6	3/4	3/4	4/4	1	2	1/16		1/16	1		3	69		143
6	6	3/4	3/4	4/4	1	3	1/4		1/4	1	-1	3	69		148
6	6	3/4	3/4	4/4	1	1	1/16		1/16	1	-1	0	72		132
6	6	13/16	13/16	4/4	1	1	1/16		1/16	1		3	69		133
6	6	7/8	7/8	4/4	1	1	1/16		1/16	1		-2	70		134
6	6	15/16	15/16	4/4	1	1	1/16		1/16	1	1	0	72		135
7	7	0	0	4/4	2	2	1/4		1/4	1	1	-1	41		175
7	7	0	0	4/4	2	1	1/4		1/4	1	-1	-1	53		172
7	7	0	0	4/4	1	1	1/16		1/16	1	-1	0	72		153
7	7	1/16	1/16	4/4	1	2	1/16		1/16	1		0	72		167
7	7	1/16	1/16	4/4	1	1	3/16		1/8	3/2	1	0	72		154
7	7	1/8	1/8	4/4	1	2	1/16		1/16	1		-1	65		168
7	7	1/8	1/8	4/4	1	3	1/8		1/8	1	1	-1	65		171
7	7	3/16	3/16	4/4	1	2	1/16		1/16	1	1	2	62		169
7	7	1/4	1/4	4/4	2	2	1/8		1/8	1	-1	-1	41		176
7	7	1/4	1/4	4/4	2	1	1/8		1/8	1		-1	53		173
7	7	1/4	1/4	4/4	1	2	1/16		1/16	1	-1	2	62		170
7	7	1/4	1/4	4/4	1	2	1/16		1/16	1	-1	-1	65		170
7	7	1/4	1/4	4/4	1	1	1/16		1/16	1	-1	0	72		155
7	7	5/16	5/16	4/4	1	1	1/16		1/16	1		-1	65		156
7	7	3/8	3/8	4/4	2	2	1/8		1/8	1		2	50		177
7	7	3/8	3/8	4/4	1	1	1/16		1/16	1		-2	70		157
7	7	7/16	7/16	4/4	1	1	1/16		1/16	1		3	69		158
7	7	1/2	1/2	4/4	2	2	1/8		1/8	1		-3	51		178
7	7	1/2	1/2	4/4	1	1	1/16		1/16	1		1	67		159
7	7	9/16	9/16	4/4	1	1	1/16		1/16	1		-1	65		160
7	7	5/8	5/8	4/4	2	2	1/8		1/8	1		-2	46		179
7	7	5/8	5/8	4/4	1	1	1/16		1/16	1		-3	63		161
7	7	11/16	11/16	4/4	1	1	1/16		1/16	1		2	62		162
7	7	3/4	3/4	4/4	1	1	0	appoggiatura	1/8	1		2	62		163
7	7	3/4	3/4	4/4	2	2	1/8		1/8	1		-1	53		180
7	7	3/4	3/4	4/4	2	1	1/4		1/4	1		-1	53		174
7	7	3/4	3/4	4/4	1	1	1/8		1/8	1		0	60		164
7	7	7/8	7/8	4/4	2	2	1/8		1/8	1		-1	41		181
7	7	7/8	7/8	4/4	1	1	1/16		1/16	1		-2	58		165
7	7	15/16	15/16	4/4	1	1	1/16		1/16	1		0	60		166
8	8	0	0	4/4	1	1	0	appoggiatura	1/8	1		0	60		182
8	8	0	0	4/4	2	2	1/2		1/2	1		-2	46		201
8	8	0	0	4/4	1	1	1/8		1/8	1		2	62		183
8	8	1/8	1/8	4/4	1	1	0	appoggiatura	1/8	1		0	60		184
8	8	1/8	1/8	4/4	1	1	1/8		1/8	1		-2	58		185
8	8	1/4	1/4	4/4	2	1	1/2		1/2	1		-2	58		199
8	8	5/16	5/16	4/4	1	1	1/16		1/16	1		2	74		186
8	8	3/8	3/8	4/4	1	1	1/16		1/16	1		-3	75		187
8	8	7/16	7/16	4/4	1	1	1/16		1/16	1	1	-1	77		188
8	8	1/2	1/2	4/4	2	2	1/2		1/2	1		-2	46		202
8	8	1/2	1/2	4/4	1	1	1/16		1/16	1	-1	-1	77		189
8	8	9/16	9/16	4/4	1	2	1/16		1/16	1		-1	77		195
8	8	9/16	9/16	4/4	1	1	3/16		1/8	3/2	1	-1	77		190
8	8	5/8	5/8	4/4	1	2	1/16		1/16	1		2	74		196
8	8	5/8	5/8	4/4	1	3	1/8		1/8	1	1	2	74		198
8	8	11/16	11/16	4/4	1	2	1/16		1/16	1	1	-4	68		197
8	8	3/4	3/4	4/4	2	1	1/4		1/4	1	1	-2	58		200
8	8	3/4	3/4	4/4	1	1	1/16		1/16	1	-1	-1	77		191
8	8	13/16	13/16	4/4	1	1	1/16		1/16	1	-1	2	74		192
8	8	7/8	7/8	4/4	1	1	1/16		1/16	1		-3	75		193
8	8	15/16	15/16	4/4	1	1	1/16		1/16	1	1	-1	77		194
9	9	0	0	4/4	2	2	1/4		1/4	1	1	-2	46		225
9	9	0	0	4/4	2	1	1/4		1/4	1	-1	-2	58		222
9	9	0	0	4/4	1	1	1/16		1/16	1	-1	-1	77		203
9	9	1/16	1/16	4/4	1	2	1/16		1/16	1		-1	77		217
9	9	1/16	1/16	4/4	1	1	3/16		1/8	3/2	1	-1	77		204
9	9	1/8	1/8	4/4	1	2	1/16		1/16	1		-2	70		218
9	9	1/8	1/8	4/4	1	3	1/8		1/8	1	1	-2	70		221
9	9	3/16	3/16	4/4	1	2	1/16		1/16	1	1	1	67		219
9	9	1/4	1/4	4/4	2	2	1/8		1/8	1	-1	-2	46		226
9	9	1/4	1/4	4/4	2	1	1/8		1/8	1		-2	58		223
9	9	1/4	1/4	4/4	1	2	1/16		1/16	1	-1	1	67		220
9	9	1/4	1/4	4/4	1	2	1/16		1/16	1	-1	-2	70		220
9	9	1/4	1/4	4/4	1	1	1/16		1/16	1	-1	-1	77		205
9	9	5/16	5/16	4/4	1	1	1/16		1/16	1		-2	70		206
9	9	3/8	3/8	4/4	2	2	1/8		1/8	1		1	55		227
9	9	3/8	3/8	4/4	1	1	1/16		1/16	1		-3	75		207
9	9	7/16	7/16	4/4	1	1	1/16		1/16	1		2	74		208
9	9	1/2	1/2	4/4	2	2	1/8		1/8	1		-4	56		228
9	9	1/2	1/2	4/4	1	1	1/16		1/16	1		0	72		209
9	9	9/16	9/16	4/4	1	1	1/16		1/16	1		-2	70		210
9	9	5/8	5/8	4/4	2	2	1/8		1/8	1		-3	51		229
9	9	5/8	5/8	4/4	1	1	1/16		1/16	1		-4	68		211
9	9	11/16	11/16	4/4	1	1	1/16		1/16	1		1	67		212
9	9	3/4	3/4	4/4	1	1	0	appoggiatura	1/8	1		1	67		213
9	9	3/4	3/4	4/4	2	2	1/8		1/8	1		-2	58		230
9	9	3/4	3/4	4/4	2	1	1/4		1/4	1		-2	58		224
9	9	3/4	3/4	4/4	1	1	1/8		1/8	1		-1	65		214
9	9	7/8	7/8	4/4	2	2	1/8		1/8	1		-2	46		231
9	9	7/8	7/8	4/4	1	1	1/16		1/16	1		-3	63		215
9	9	15/16	15/16	4/4	1	1	1/16		1/16	1		-1	65		216
10	10	0	0	4/4	1	1	0	appoggiatura	1/8	1		-1	65		232
10	10	0	0	4/4	2	1	1/4		1/4	1		-3	51		245
10	10	0	0	4/4	1	1	1/8		1/8	1		1	67		233
10	10	1/8	1/8	4/4	1	1	0	appoggiatura	1/8	1		-1	65		234
10	10	1/8	1/8	4/4	1	1	1/8		1/8	1		-3	63		235
10	10	1/4	1/4	4/4	2	1	1/4		1/4	1		-3	63		246
10	10	5/16	5/16	4/4	1	2	1/8		1/8	1		1	67		239
10	10	3/8	3/8	4/4	1	1	1/8		1/8	1		-2	70		236
10	10	7/16	7/16	4/4	1	2	1/16		1/16	1		1	67		240
10	10	1/2	1/2	4/4	2	1	1/4		1/4	1		2	62		247
10	10	9/16	9/16	4/4	1	2	1/8		1/8	1		-1	65		241
10	10	5/8	5/8	4/4	1	1	1/8		1/8	1		5	71		237
10	10	11/16	11/16	4/4	1	2	1/16		1/16	1		-1	65		242
10	10	3/4	3/4	4/4	2	1	1/4		1/4	1		-1	65		248
10	10	13/16	13/16	4/4	1	2	1/8		1/8	1		-4	68		243
10	10	7/8	7/8	4/4	1	1	1/8		1/8	1		5	71		238
10	10	15/16	15/16	4/4	1	2	1/16		1/16	1		-4	68		244
11	11	0	0	4/4	2	1	1/4		1/4	1		5	59		262
11	11	1/16	1/16	4/4	1	2	1/8		1/8	1		-1	65		253
11	11	1/8	1/8	4/4	1	1	1/8		1/8	1		2	74		249
11	11	3/16	3/16	4/4	1	2	1/16		1/16	1		-1	65		254
11	11	1/4	1/4	4/4	2	1	1/4		1/4	1		1	55		263
11	11	5/16	5/16	4/4	1	2	1/8		1/8	1		5	59		255
11	11	3/8	3/8	4/4	1	1	1/8		1/8	1		-1	65		250
11	11	7/16	7/16	4/4	1	2	1/16		1/16	1		5	59		256
11	11	1/2	1/2	4/4	2	1	1/4		1/4	1		5	47		264
11	11	9/16	9/16	4/4	1	2	1/8		1/8	1		-1	53		257
11	11	5/8	5/8	4/4	1	1	1/8		1/8	1		2	62		251
11	11	11/16	11/16	4/4	1	2	1/16		1/16	1		-1	53		258
11	11	3/4	3/4	4/4	2	1	1/4		1/4	1		1	43		265
11	11	13/16	13/16	4/4	1	2	1/16		1/16	1		-1	53		259
11	11	7/8	7/8	4/4	1	2	1/16		1/16	1		1	55		260
11	11	7/8	7/8	4/4	1	1	1/8		1/8	1	1	1	55		252
11	11	15/16	15/16	4/4	1	2	1/16		1/16	1	1	2	50		261
12	12	0	0	4/4	2	2	1/2		1/2	1		0	36		290
12	12	0	0	4/4	1	2	1/16		1/16	1	-1	2	50		279
12	12	0	0	4/4	1	1	1/4		1/4	1	0	1	55		266
12	12	1/16	1/16	4/4	1	2	1/16		1/16	1		2	50		280
12	12	1/8	1/8	4/4	1	2	1/16		1/16	1		-3	51		281
12	12	1/8	1/8	4/4	1	3	1/8		1/8	1	1	-3	51		286
12	12	3/16	3/16	4/4	1	2	1/16		1/16	1	1	0	48		282
12	12	1/4	1/4	4/4	2	1	1/4		1/4	1		1	43		287
12	12	1/4	1/4	4/4	1	2	1/16		1/16	1	-1	0	48		283
12	12	1/4	1/4	4/4	1	2	1/16		1/16	1	-1	-3	51		283
12	12	1/4	1/4	4/4	1	1	1/16		1/16	1	-1	1	55		267
12	12	5/16	5/16	4/4	1	1	1/16		1/16	1		5	71		268
12	12	3/8	3/8	4/4	1	1	1/16		1/16	1		0	72		269
12	12	7/16	7/16	4/4	1	1	1/16		1/16	1	1	2	74		270
12	12	1/2	1/2	4/4	2	1	1/4		1/4	1	1	0	60		288
12	12	1/2	1/2	4/4	1	1	1/16		1/16	1	-1	2	74		271
12	12	9/16	9/16	4/4	1	1	1/16		1/16	1		2	74		272
12	12	5/8	5/8	4/4	1	1	1/16		1/16	1		-3	75		273
12	12	5/8	5/8	4/4	1	2	1/8		1/8	1	1	-3	75		284
12	12	11/16	11/16	4/4	1	1	1/16		1/16	1	1	1	67		274
12	12	3/4	3/4	4/4	2	2	1/8		1/8	1		0	48		291
12	12	3/4	3/4	4/4	2	1	1/8		1/8	1	-1	0	60		289
12	12	3/4	3/4	4/4	1	1	1/16		1/16	1	-1	1	67		275
12	12	3/4	3/4	4/4	1	2	1/4		1/4	1	-1	-3	75		285
12	12	13/16	13/16	4/4	1	1	1/16		1/16	1		1	67		276
12	12	7/8	7/8	4/4	1	1	1/16		1/16	1		-4	68		277
12	12	15/16	15/16	4/4	1	1	1/16		1/16	1	1	1	67		278
13	13	0	0	4/4	2	1	1/4		1/4	1	1	0	60		310
13	13	0	0	4/4	1	1	1/16		1/16	1	-1	1	67		292
13	13	1/16	1/16	4/4	1	1	1/16		1/16	1		1	67		293
13	13	1/8	1/8	4/4	1	1	1/16		1/16	1		6	66		294
13	13	1/8	1/8	4/4	1	2	1/8		1/8	1		6	66		308
13	13	3/16	3/16	4/4	1	1	1/16		1/16	1	1	3	69		295
13	13	1/4	1/4	4/4	2	2	1/8		1/8	1		0	48		314
13	13	1/4	1/4	4/4	2	1	1/8		1/8	1	-1	0	60		311
13	13	1/4	1/4	4/4	1	1	1/16		1/16	1	-1	3	69		296
13	13	5/16	5/16	4/4	1	1	1/16		1/16	1		3	69		297
13	13	3/8	3/8	4/4	1	1	1/16		1/16	1		-2	70		298
13	13	7/16	7/16	4/4	1	1	1/16		1/16	1	1	0	72		299
13	13	1/2	1/2	4/4	2	1	1/4		1/4	1	1	5	59		312
13	13	1/2	1/2	4/4	1	1	1/16		1/16	1	-1	0	72		300
13	13	9/16	9/16	4/4	1	1	1/16		1/16	1		0	72		301
13	13	5/8	5/8	4/4	1	1	1/16		1/16	1		2	74		302
13	13	5/8	5/8	4/4	1	2	1/8		1/8	1		2	74		309
13	13	11/16	11/16	4/4	1	1	1/16		1/16	1	1	-1	65		303
13	13	3/4	3/4	4/4	2	2	1/8		1/8	1		5	47		315
13	13	3/4	3/4	4/4	2	1	1/8		1/8	1	-1	5	59		313
13	13	3/4	3/4	4/4	1	1	1/16		1/16	1	-1	-1	65		304
13	13	13/16	13/16	4/4	1	1	1/16		1/16	1		-1	65		305
13	13	7/8	7/8	4/4	1	1	1/16		1/16	1		1	67		306
13	13	15/16	15/16	4/4	1	1	1/16		1/16	1	1	-1	65		307
14	14	0	0	4/4	2	1	1/4		1/4	1	1	-2	58		338
14	14	0	0	4/4	1	1	1/16		1/16	1	-1	-1	65		316
14	14	1/16	1/16	4/4	1	1	1/16		1/16	1		-1	65		317
14	14	1/8	1/8	4/4	1	1	1/16		1/16	1		4	64		318
14	14	1/8	1/8	4/4	1	2	1/8		1/8	1	1	4	64		332
14	14	3/16	3/16	4/4	1	1	1/16		1/16	1	1	1	67		319
14	14	1/4	1/4	4/4	2	2	1/8		1/8	1		-2	46		342
14	14	1/4	1/4	4/4	2	1	1/8		1/8	1	-1	-2	58		339
14	14	1/4	1/4	4/4	1	2	1/16		1/16	1	-1	4	64		333
14	14	1/4	1/4	4/4	1	1	1/16		1/16	1	-1	1	67		320
14	14	5/16	5/16	4/4	1	1	1/16		1/16	1		1	67		321
14	14	3/8	3/8	4/4	1	1	1/16		1/16	1		3	69		322
14	14	7/16	7/16	4/4	1	1	1/16		1/16	1	1	-2	70		323
14	14	1/2	1/2	4/4	2	1	1/4		1/4	1		3	57		340
14	14	1/2	1/2	4/4	1	1	1/16		1/16	1	-1	-2	70		324
14	14	9/16	9/16	4/4	1	1	1/16		1/16	1		-3	63		325
14	14	9/16	9/16	4/4	1	2	3/16		1/8	3/2		-3	63		334
14	14	5/8	5/8	4/4	1	1	1/16		1/16	1		6	66		326
14	14	5/8	5/8	4/4	1	3	1/8		1/8	1		6	66		336
14	14	11/16	11/16	4/4	1	1	1/16		1/16	1	1	0	72		327
14	14	3/4	3/4	4/4	2	1	1/4		1/4	1		1	55		341
14	14	3/4	3/4	4/4	1	1	1/16		1/16	1	-1	0	72		328
14	14	13/16	13/16	4/4	1	1	1/16		1/16	1		-3	63		329
14	14	13/16	13/16	4/4	1	2	3/16		1/8	3/2		-3	63		335
14	14	7/8	7/8	4/4	1	1	1/16		1/16	1		1	67		330
14	14	7/8	7/8	4/4	1	3	1/8		1/8	1		1	67		337
14	14	15/16	15/16	4/4	1	1	1/16		1/16	1	1	0	72		331
15	15	0	0	4/4	2	2	1/4		1/4	1		6	54		367
15	15	0	0	4/4	2	1	1/2		1/2	1		6	54		364
15	15	0	0	4/4	1	1	1/16		1/16	1	-1	0	72		343
15	15	1/16	1/16	4/4	1	1	1/16		1/16	1		2	62		344
15	15	1/16	1/16	4/4	1	2	3/16		1/8	3/2	1	2	62		357
15	15	1/8	1/8	4/4	1	1	1/16		1/16	1		3	69		345
15	15	1/8	1/8	4/4	1	3	1/8		1/8	1	1	3	69		363
15	15	3/16	3/16	4/4	1	1	1/16		1/16	1	1	0	72		346
15	15	1/4	1/4	4/4	2	2	1/4		1/4	1		2	50		368
15	15	1/4	1/4	4/4	1	2	1/16		1/16	1	-1	2	62		358
15	15	1/4	1/4	4/4	1	2	1/16		1/16	1	-1	3	69		358
15	15	1/4	1/4	4/4	1	1	1/16		1/16	1	-1	0	72		347
15	15	5/16	5/16	4/4	1	1	1/16		1/16	1		-2	70		348
15	15	3/8	3/8	4/4	1	1	1/16		1/16	1		0	72		349
15	15	7/16	7/16	4/4	1	1	1/16		1/16	1		3	69		350
15	15	1/2	1/2	4/4	2	2	1/8		1/8	1		1	55		369
15	15	1/2	1/2	4/4	2	1	1/4		1/4	1		1	55		365
15	15	1/2	1/2	4/4	1	1	1/16		1/16	1		-2	70		351
15	15	9/16	9/16	4/4	1	1	1/16		1/16	1		6	66		352
15	15	5/8	5/8	4/4	2	2	1/8		1/8	1		0	48		370
15	15	5/8	5/8	4/4	1	2	1/16		1/16	1		1	67		359
15	15	5/8	5/8	4/4	1	1	1/8		1/8	1	1	1	67		353
15	15	3/4	3/4	4/4	2	2	1/8		1/8	1		2	50		371
15	15	3/4	3/4	4/4	2	1	1/4		1/4	1		2	50		366
15	15	3/4	3/4	4/4	1	2	1/16		1/16	1	-1	-2	58		360
15	15	3/4	3/4	4/4	1	1	1/8		1/8	1	-1	1	67		354
15	15	13/16	13/16	4/4	1	2	1/16		1/16	1	1	3	57		361
15	15	7/8	7/8	4/4	2	2	1/8		1/8	1		2	38		372
15	15	7/8	7/8	4/4	1	2	1/8		1/8	1	-1	3	57		362
15	15	7/8	7/8	4/4	1	1	1/16		1/16	1		1	67		355
15	15	15/16	15/16	4/4	1	1	1/16		1/16	1		6	66		356
16	16	0	0	4/4	1	1	0	appoggiatura	1/8	1		6	66		373
16	16	0	0	4/4	2	1	1/4		1/4	1		1	43		394
16	16	0	0	4/4	1	1	1/4		1/4	1		1	67		374
16	16	1/16	1/16	4/4	1	2	1/16		1/16	1		0	60		385
16	16	1/8	1/8	4/4	1	3	1/16		1/16	1		-2	58		392
16	16	1/8	1/8	4/4	1	2	1/8		1/8	1		-2	58		386
16	16	3/16	3/16	4/4	1	3	1/16		1/16	1		2	62		393
16	16	1/4	1/4	4/4	2	1	1/8		1/8	1		-2	70		395
16	16	5/16	5/16	4/4	1	1	1/16		1/16	1		2	74		375
16	16	5/16	5/16	4/4	1	2	3/16		1/8	3/2	1	2	74		387
16	16	3/8	3/8	4/4	1	1	1/16		1/16	1		-3	75		376
16	16	7/16	7/16	4/4	1	1	1/16		1/16	1	1	-1	77		377
16	16	1/2	1/2	4/4	2	1	1/8		1/8	1		-2	70		396
16	16	1/2	1/2	4/4	1	2	3/16		1/8	3/2	-1	2	74		388
16	16	1/2	1/2	4/4	1	1	1/16		1/16	1	-1	-1	77		378
16	16	9/16	9/16	4/4	1	1	1/16		1/16	1		-1	77		379
16	16	5/8	5/8	4/4	1	1	1/8		1/8	1	1	-3	75		380
16	16	11/16	11/16	4/4	1	2	1/16		1/16	1	1	0	72		389
16	16	3/4	3/4	4/4	2	1	1/8		1/8	1		3	69		397
16	16	3/4	3/4	4/4	1	2	1/16		1/16	1	-1	0	72		390
16	16	3/4	3/4	4/4	1	1	1/16		1/16	1	-1	-3	75		381
16	16	13/16	13/16	4/4	1	1	1/16		1/16	1		0	72		382
16	16	13/16	13/16	4/4	1	2	3/16		1/8	3/2	1	0	72		391
16	16	7/8	7/8	4/4	1	1	1/16		1/16	1		2	74		383
16	16	15/16	15/16	4/4	1	1	1/16		1/16	1	1	-3	75		384
17	17	0	0	4/4	2	1	1/8		1/8	1		-2	70		419
17	17	0	0	4/4	1	2	3/16		1/8	3/2	-1	0	72		410
17	17	0	0	4/4	1	1	1/16		1/16	1	-1	-3	75		398
17	17	1/16	1/16	4/4	1	1	1/16		1/16	1		-3	75		399
17	17	1/8	1/8	4/4	1	1	1/8		1/8	1	1	2	74		400
17	17	3/16	3/16	4/4	1	2	1/16		1/16	1	1	-2	70		411
17	17	1/4	1/4	4/4	2	1	1/8		1/8	1		2	62		420
17	17	1/4	1/4	4/4	1	2	1/16		1/16	1	-1	-2	70		412
17	17	1/4	1/4	4/4	1	1	1/16		1/16	1	-1	2	74		401
17	17	5/16	5/16	4/4	1	1	1/16		1/16	1		-2	70		402
17	17	5/16	5/16	4/4	1	2	3/16		1/8	3/2	1	-2	70		413
17	17	3/8	3/8	4/4	1	1	1/16		1/16	1		0	72		403
17	17	7/16	7/16	4/4	1	1	1/16		1/16	1	1	2	74		404
17	17	1/2	1/2	4/4	2	1	1/8		1/8	1		-3	63		421
17	17	1/2	1/2	4/4	1	2	3/16		1/8	3/2	-1	-2	70		414
17	17	1/2	1/2	4/4	1	1	1/16		1/16	1	-1	2	74		405
17	17	9/16	9/16	4/4	1	1	1/16		1/16	1		2	74		406
17	17	5/8	5/8	4/4	1	1	1/8		1/8	1	1	0	72		407
17	17	11/16	11/16	4/4	1	2	1/16		1/16	1	1	-2	70		415
17	17	3/4	3/4	4/4	2	1	1/8		1/8	1		4	64		422
17	17	3/4	3/4	4/4	1	2	1/16		1/16	1	-1	-2	70		416
17	17	3/4	3/4	4/4	1	1	1/8		1/8	1	-1	0	72		408
17	17	13/16	13/16	4/4	1	2	1/8		1/8	1		-2	70		417
17	17	7/8	7/8	4/4	1	1	1/8		1/8	1	1	0	72		409
17	17	15/16	15/16	4/4	1	2	1/16		1/16	1	1	-2	70		418
18	18	0	0	4/4	2	1	1/8		1/8	1		-1	65		441
18	18	0	0	4/4	1	2	1/16		1/16	1	-1	-2	70		434
18	18	0	0	4/4	1	1	3/16		1/8	3/2	-1	0	72		423
18	18	1/16	1/16	4/4	1	2	1/16		1/16	1		-2	70		435
18	18	1/8	1/8	4/4	1	2	1/8		1/8	1		3	69		436
18	18	3/16	3/16	4/4	1	1	1/16		1/16	1		0	72		424
18	18	1/4	1/4	4/4	2	1	1/8		1/8	1		-1	53		442
18	18	5/16	5/16	4/4	1	1	1/16		1/16	1		-1	65		425
18	18	3/8	3/8	4/4	1	1	1/16		1/16	1		1	67		426
18	18	7/16	7/16	4/4	1	1	1/16		1/16	1	1	-4	68		427
18	18	1/2	1/2	4/4	2	1	1/4		1/4	1	1	2	50		443
18	18	1/2	1/2	4/4	2	2	1/4		1/4	1		2	50		445
18	18	1/2	1/2	4/4	1	1	1/16		1/16	1	-1	-4	68		428
18	18	9/16	9/16	4/4	1	2	1/16		1/16	1		-4	68		437
18	18	9/16	9/16	4/4	1	1	3/16		1/8	3/2	1	-4	68		429
18	18	5/8	5/8	4/4	1	3	1/8		1/8	1	1	-1	65		440
18	18	11/16	11/16	4/4	1	2	1/16		1/16	1	1	-2	58		438
18	18	3/4	3/4	4/4	2	2	1/8		1/8	1		2	38		446
18	18	3/4	3/4	4/4	2	1	1/8		1/8	1	-1	2	50		444
18	18	3/4	3/4	4/4	1	2	1/16		1/16	1	-1	-2	58		439
18	18	3/4	3/4	4/4	1	2	1/16		1/16	1	-1	-1	65		439
18	18	3/4	3/4	4/4	1	1	1/16		1/16	1	-1	-4	68		430
18	18	13/16	13/16	4/4	1	1	1/16		1/16	1		-1	65		431
18	18	7/8	7/8	4/4	1	1	1/16		1/16	1		1	67		432
18	18	15/16	15/16	4/4	1	1	1/16		1/16	1	1	-4	68		433
19	19	0	0	4/4	2	1	1/4		1/4	1	1	2	50		467
19	19	0	0	4/4	2	2	1/4		1/4	1		2	50		471
19	19	0	0	4/4	1	1	1/16		1/16	1	-1	-4	68		447
19	19	1/16	1/16	4/4	1	1	1/16		1/16	1		-4	56		448
19	19	1/16	1/16	4/4	1	2	3/16		1/8	3/2	1	-4	56		461
19	19	1/8	1/8	4/4	1	1	1/16		1/16	1		-2	58		449
19	19	1/8	1/8	4/4	1	3	1/8		1/8	1	1	-2	58		466
19	19	3/16	3/16	4/4	1	1	1/16		1/16	1	1	-1	65		450
19	19	1/4	1/4	4/4	2	2	1/8		1/8	1		2	38		472
19	19	1/4	1/4	4/4	2	1	1/8		1/8	1	-1	2	50		468
19	19	1/4	1/4	4/4	1	2	1/16		1/16	1	-1	-4	56		462
19	19	1/4	1/4	4/4	1	2	1/16		1/16	1	-1	-2	58		462
19	19	1/4	1/4	4/4	1	1	1/16		1/16	1	-1	-1	65		451
19	19	5/16	5/16	4/4	1	1	1/16		1/16	1		-1	65		452
19	19	3/8	3/8	4/4	1	1	1/16		1/16	1		1	67		453
19	19	7/16	7/16	4/4	1	1	1/16		1/16	1	1	-4	68		454
19	19	1/2	1/2	4/4	2	1	1/4		1/4	1	1	2	50		469
19	19	1/2	1/2	4/4	2	2	1/4		1/4	1		2	50		473
19	19	1/2	1/2	4/4	1	1	1/16		1/16	1	-1	-4	68		455
19	19	9/16	9/16	4/4	1	1	1/8		1/8	1		-4	56		456
19	19	5/8	5/8	4/4	1	2	1/8		1/8	1	1	-1	53		463
19	19	11/16	11/16	4/4	1	1	1/16		1/16	1	1	-4	56		457
19	19	3/4	3/4	4/4	2	2	1/8		1/8	1		2	38		474
19	19	3/4	3/4	4/4	2	1	1/8		1/8	1	-1	2	50		470
19	19	3/4	3/4	4/4	1	2	3/16		1/8	3/2	-1	-1	53		464
19	19	3/4	3/4	4/4	1	1	1/16		1/16	1	-1	-4	56		458
19	19	13/16	13/16	4/4	1	1	1/16		1/16	1		-4	56		459
19	19	7/8	7/8	4/4	1	1	1/8		1/8	1	1	-2	58		460
19	19	15/16	15/16	4/4	1	2	1/16		1/16	1	1	-1	53		465
20	20	0	0	4/4	2	1	1/8		1/8	1		-3	51		497
20	20	0	0	4/4	1	2	1/16		1/16	1	-1	-1	53		486
20	20	0	0	4/4	1	1	1/4		1/4	1	0	-2	58		475
20	20	1/16	1/16	4/4	1	2	1/16		1/16	1		-1	53		487
20	20	1/8	1/8	4/4	1	2	1/16		1/16	1		1	55		488
20	20	1/8	1/8	4/4	1	3	1/8		1/8	1	1	1	55		495
20	20	3/16	3/16	4/4	1	2	1/16		1/16	1	1	-3	51		489
20	20	1/4	1/4	4/4	2	1	1/8		1/8	1		-3	39		498
20	20	1/4	1/4	4/4	1	2	1/16		1/16	1	-1	-3	51		490
20	20	1/4	1/4	4/4	1	2	1/16		1/16	1	-1	1	55		490
20	20	1/4	1/4	4/4	1	1	1/16		1/16	1	-1	-2	58		476
20	20	5/16	5/16	4/4	1	1	1/16		1/16	1		1	67		477
20	20	3/8	3/8	4/4	1	1	1/16		1/16	1		3	69		478
20	20	7/16	7/16	4/4	1	1	1/16		1/16	1	1	-2	70		479
20	20	1/2	1/2	4/4	2	1	1/4		1/4	1	1	4	52		499
20	20	1/2	1/2	4/4	2	2	1/4		1/4	1		4	52		501
20	20	1/2	1/2	4/4	1	1	1/16		1/16	1	-1	-2	70		480
20	20	9/16	9/16	4/4	1	2	1/16		1/16	1		-2	70		491
20	20	9/16	9/16	4/4	1	1	3/16		1/8	3/2	1	-2	70		481
20	20	5/8	5/8	4/4	1	2	1/16		1/16	1		1	67		492
20	20	5/8	5/8	4/4	1	3	1/8		1/8	1	1	1	67		496
20	20	11/16	11/16	4/4	1	2	1/16		1/16	1	1	0	60		493
20	20	3/4	3/4	4/4	2	2	1/8		1/8	1		4	40		502
20	20	3/4	3/4	4/4	2	1	1/8		1/8	1	-1	4	52		500
20	20	3/4	3/4	4/4	1	2	1/16		1/16	1	-1	0	60		494
20	20	3/4	3/4	4/4	1	2	1/16		1/16	1	-1	1	67		494
20	20	3/4	3/4	4/4	1	1	1/16		1/16	1	-1	-2	70		482
20	20	13/16	13/16	4/4	1	1	1/16		1/16	1		1	67		483
20	20	7/8	7/8	4/4	1	1	1/16		1/16	1		3	69		484
20	20	15/16	15/16	4/4	1	1	1/16		1/16	1	1	-2	70		485
21	21	0	0	4/4	2	1	1/4		1/4	1	1	4	52		523
21	21	0	0	4/4	2	2	1/4		1/4	1		4	52		527
21	21	0	0	4/4	1	1	1/16		1/16	1	-1	-2	70		503
21	21	1/16	1/16	4/4	1	2	3/16		1/8	3/2	1	-9	57		517
21	21	1/16	1/16	4/4	1	1	1/16		1/16	1		-2	58		504
21	21	1/8	1/8	4/4	1	1	1/16		1/16	1		0	60		505
21	21	1/8	1/8	4/4	1	3	1/8		1/8	1	1	0	60		522
21	21	3/16	3/16	4/4	1	1	1/16		1/16	1	1	1	67		506
21	21	1/4	1/4	4/4	2	2	1/8		1/8	1		4	40		528
21	21	1/4	1/4	4/4	2	1	1/8		1/8	1	-1	4	52		524
21	21	1/4	1/4	4/4	1	2	1/16		1/16	1	-1	-9	57		518
21	21	1/4	1/4	4/4	1	2	1/16		1/16	1	-1	0	60		518
21	21	1/4	1/4	4/4	1	1	1/16		1/16	1	-1	1	67		507
21	21	5/16	5/16	4/4	1	1	1/16		1/16	1		1	67		508
21	21	3/8	3/8	4/4	1	1	1/16		1/16	1		3	69		509
21	21	7/16	7/16	4/4	1	1	1/16		1/16	1	1	-2	70		510
21	21	1/2	1/2	4/4	2	1	1/4		1/4	1	1	4	52		525
21	21	1/2	1/2	4/4	2	2	1/4		1/4	1		4	52		529
21	21	1/2	1/2	4/4	1	1	1/16		1/16	1	-1	-2	70		511
21	21	9/16	9/16	4/4	1	1	1/8		1/8	1		-2	58		512
21	21	5/8	5/8	4/4	1	2	1/8		1/8	1	1	1	55		519
21	21	11/16	11/16	4/4	1	1	1/16		1/16	1	1	-2	58		513
21	21	3/4	3/4	4/4	2	2	1/8		1/8	1		4	40		530
21	21	3/4	3/4	4/4	2	1	1/8		1/8	1	-1	4	52		526
21	21	3/4	3/4	4/4	1	2	3/16		1/8	3/2	-1	1	55		520
21	21	3/4	3/4	4/4	1	1	1/16		1/16	1	-1	-2	58		514
21	21	13/16	13/16	4/4	1	1	1/16		1/16	1		-2	58		515
21	21	7/8	7/8	4/4	1	1	1/8		1/8	1	1	0	60		516
21	21	15/16	15/16	4/4	1	2	1/16		1/16	1	1	1	55		521
22	22	0	0	4/4	2	1	1/8		1/8	1		-1	53		554
22	22	0	0	4/4	1	2	1/16		1/16	1	-1	1	55		549
22	22	0	0	4/4	1	1	1/4		1/4	1	-1	0	60		531
22	22	1/16	1/16	4/4	1	2	1/16		1/16	1		1	55		550
22	22	1/8	1/8	4/4	1	2	1/16		1/16	1		3	57		551
22	22	1/8	1/8	4/4	1	3	1/8		1/8	1		3	57		553
22	22	3/16	3/16	4/4	1	2	1/16		1/16	1		-1	53		552
22	22	1/4	1/4	4/4	2	2	1/8		1/8	1		2	38		561
22	22	1/4	1/4	4/4	2	1	1/8		1/8	1		2	50		555
22	22	5/16	5/16	4/4	1	1	1/32		1/32	1		-1	65		532
22	22	11/32	11/32	4/4	1	1	1/32		1/32	1		-3	63		533
22	22	3/8	3/8	4/4	1	1	1/32		1/32	1		2	62		534
22	22	13/32	13/32	4/4	1	1	1/32		1/32	1		0	60		535
22	22	7/16	7/16	4/4	1	1	1/32		1/32	1		-2	58		536
22	22	15/32	15/32	4/4	1	1	1/32		1/32	1		3	57		537
22	22	1/2	1/2	4/4	2	1	1/8		1/8	1		1	55		556
22	22	1/2	1/2	4/4	1	1	1/32		1/32	1		-2	58		538
22	22	17/32	17/32	4/4	1	1	1/32		1/32	1		0	60		539
22	22	9/16	9/16	4/4	1	1	1/32		1/32	1		-2	58		540
22	22	19/32	19/32	4/4	1	1	1/32		1/32	1		3	57		541
22	22	5/8	5/8	4/4	1	1	1/32		1/32	1		1	55		542
22	22	21/32	21/32	4/4	2	1	1/32		1/32	1		-1	53		557
22	22	11/16	11/16	4/4	2	1	1/32		1/32	1		-3	51		558
22	22	23/32	23/32	4/4	2	1	1/32		1/32	1		2	50		559
22	22	3/4	3/4	4/4	2	1	1/8		1/8	1		0	48		560
22	22	13/16	13/16	4/4	1	1	1/32		1/32	1		1	67		543
22	22	27/32	27/32	4/4	1	1	1/32		1/32	1		-1	65		544
22	22	7/8	7/8	4/4	1	1	1/32		1/32	1		-3	63		545
22	22	29/32	29/32	4/4	1	1	1/32		1/32	1		2	62		546
22	22	15/16	15/16	4/4	1	1	1/32		1/32	1		0	60		547
22	22	31/32	31/32	4/4	1	1	1/32		1/32	1		-2	58		548
23	23	0	0	4/4	2	1	1/8		1/8	1		-1	53		582
23	23	0	0	4/4	1	1	1/32		1/32	1		3	57		562
23	23	1/32	1/32	4/4	1	1	1/32		1/32	1		-2	58		563
23	23	1/16	1/16	4/4	1	1	1/32		1/32	1		3	57		564
23	23	3/32	3/32	4/4	1	1	1/32		1/32	1		1	55		565
23	23	1/8	1/8	4/4	1	1	1/32		1/32	1		-1	53		566
23	23	5/32	5/32	4/4	2	1	1/32		1/32	1		1	55		583
23	23	3/16	3/16	4/4	2	1	1/32		1/32	1		-1	53		584
23	23	7/32	7/32	4/4	2	1	1/32		1/32	1		-3	51		585
23	23	1/4	1/4	4/4	2	1	1/4		1/4	1		2	50		586
23	23	5/16	5/16	4/4	1	1	1/8		1/8	1		-1	65		567
23	23	7/16	7/16	4/4	1	1	1/16		1/16	1		1	67		568
23	23	1/2	1/2	4/4	2	1	1/8		1/8	1		0	48		587
23	23	1/2	1/2	4/4	1	2	1/8		1/8	1		0	60		574
23	23	1/2	1/2	4/4	1	3	1/8		1/8	1		-3	63		578
23	23	1/2	1/2	4/4	1	1	1/8		1/8	1		3	69		569
23	23	5/8	5/8	4/4	2	1	1/8		1/8	1		-2	46		588
23	23	5/8	5/8	4/4	1	2	1/8		1/8	1	1	2	62		575
23	23	5/8	5/8	4/4	1	3	1/8		1/8	1	1	-1	65		579
23	23	5/8	5/8	4/4	1	1	1/8		1/8	1	1	-2	70		570
23	23	3/4	3/4	4/4	2	2	1/8		1/8	1		-1	53		590
23	23	3/4	3/4	4/4	2	1	1/4		1/4	1		-1	53		589
23	23	3/4	3/4	4/4	1	2	1/16		1/16	1	-1	2	62		576
23	23	3/4	3/4	4/4	1	3	1/8		1/8	1	-1	-1	65		580
23	23	3/4	3/4	4/4	1	1	1/8		1/8	1	-1	-2	70		571
23	23	13/16	13/16	4/4	1	2	3/16		1/8	3/2		0	60		577
23	23	7/8	7/8	4/4	2	2	1/8		1/8	1		-1	41		591
23	23	7/8	7/8	4/4	1	3	1/8		1/8	1		-3	63		581
23	23	7/8	7/8	4/4	1	1	1/16		1/16	1		-2	70		572
23	23	15/16	15/16	4/4	1	1	1/16		1/16	1		3	69		573
24	24	0	0	4/4	1	1	0	appoggiatura	1/8	1		3	69		592
24	24	0	0	4/4	2	2	1/2		1/2	1	1	-2	46		604
24	24	0	0	4/4	1	1	1/4		1/4	1		-2	70		593
24	24	1/16	1/16	4/4	1	2	1/16		1/16	1		-3	63		596
24	24	1/8	1/8	4/4	1	3	1/16		1/16	1		2	62		600
24	24	1/8	1/8	4/4	1	2	1/8		1/8	1	1	2	62		597
24	24	3/16	3/16	4/4	1	3	1/16		1/16	1	1	-1	65		601
24	24	1/4	1/4	4/4	1	2	1/4		1/4	1	0	2	62		598
24	24	1/4	1/4	4/4	1	1	1/4		1/4	1	0	-1	65		594
24	24	1/4	1/4	4/4	1	1	1/4		1/4	1	1	-2	70		594
24	24	3/8	3/8	4/4	2	1	1/8		1/8	1	1	-1	53		602
24	24	1/2	1/2	4/4	2	2	1/2		1/2	1	-1	-2	46		605
24	24	1/2	1/2	4/4	2	1	1/2		1/2	1	-1	-1	53		603
24	24	1/2	1/2	4/4	2	1	1/2		1/2	1		-2	58		603
24	24	1/2	1/2	4/4	1	2	1/2		1/2	1	-1	2	62		599
24	24	1/2	1/2	4/4	1	1	1/2		1/2	1	-1	-1	65		595
24	24	1/2	1/2	4/4	1	1	1/2		1/2	1	-1	-2	70		595
